case_id,chunk_id,pool_row_index,name,InitialTemperature,PressureGWC,ReferencePorosity,ReferencePermeability,CushionGasType,InjectionRateDev,InjectionRateOp,ProductionRate,InjectionDurationDev,InjectionDurationOp,ExtractionDurationOp,TEnd,MaxTimeStepSize,CGRatio,CycleLengthDays,FlowRateSm3Day,FlowRateMolM2S,PermeabilityMd,Porosity,PressureMPa,TemperatureC,reservoir_stratum,reservoir_cluster,representative_id,source_row_index,source_field_name
150,0,150,case150_CGCH4_Q11273_CL63.9_CGR3.68_K100_Poro0.190,308.37,7300000.0,0.19,100.0,CH4,-0.42569898155402436,-0.42569898155402436,0.42569898155402436,117.69318555968826,31.96166485531025,31.96166485531025,756.9264826658932,29726.567319242353,3.682323373719195,63.9233297106205,11273.061411559731,0.42569898155402436,100.0,0.19,7.3,35.22,0,5,5,16,Bunter Closure 41
151,0,151,case151_CGH2_Q98072_CL179.6_CGR1.11_K100_Poro0.290,308.51275,7300000.0,0.29,100.0,H2,-3.7034362091174913,-3.7034362091174913,3.7034362091174913,99.7299763310346,89.8038059269557,89.8038059269557,1895.8060948701486,43200.0,1.1105317341689573,179.6076118539114,98071.7963354516,3.7034362091174913,100.0,0.29,7.3,35.36275,0,7,7,3,Bunter Closure 1
152,0,152,case152_CGCO2_Q33293_CL272.7_CGR0.47_K1.6e03_Poro0.230,354.44,29700000.0,0.23,1600.0,CO2,-1.2572150341961825,-1.2572150341961825,1.2572150341961825,63.5056713779965,136.35804521449705,136.35804521449705,2790.666575667937,43200.0,0.46572735241326874,272.7160904289941,33292.685447101816,1.2572150341961825,1600.0,0.23,29.7,81.29,3,14,14,54,Fulmar_021_16
153,0,153,case153_CGCH4_Q385280_CL144.2_CGR2.53_K250_Poro0.150,309.15,8100000.0,0.15,250.0,CH4,-14.549149018617326,-14.549149018617326,14.549149018617326,182.14739597286493,72.08508298436452,72.08508298436452,1623.8490556601553,43200.0,2.5268389579626795,144.17016596872904,385280.3447498795,14.549149018617326,250.0,0.15,8.1,36.0,1,15,15,131,Orrin_012_26
154,0,154,case154_CGCO2_Q22757_CL191.4_CGR1.97_K470_Poro0.220,352.85999999999996,23880000.0,0.22,470.0,CO2,-0.8593589733554575,-0.8593589733554575,0.8593589733554575,188.65520681659518,95.69722873598732,95.69722873598732,2102.5997815363417,43200.0,1.9713758622735398,191.39445747197465,22756.940704547036,0.8593589733554575,470.0,0.22,23.88,79.71,3,0,0,147,Statfjord_009_24
155,0,155,case155_CGN2_Q18561_CL190.4_CGR3.98_K50_Poro0.150,332.26374999999996,14100000.0,0.15,50.0,N2,-0.7009082734668615,-0.7009082734668615,0.7009082734668615,379.41814550351603,95.2241191625089,95.2241191625089,2283.900528753694,43200.0,3.984475244722436,190.4482383250178,18560.960568470346,0.7009082734668615,50.0,0.15,14.1,59.11375,0,18,18,11,Bunter Closure 37
156,0,156,case156_CGCO2_Q12079_CL118.9_CGR2.72_K1.6e03_Poro0.230,368.15999999999997,34800000.0,0.23,1600.0,CO2,-0.45614841753044155,-0.45614841753044155,0.45614841753044155,161.57043700299343,59.47156818880512,59.47156818880512,1351.001800779096,43200.0,2.7167677248740736,118.94313637761024,12079.40198690345,0.45614841753044155,1600.0,0.23,34.8,95.01,3,4,4,55,Fulmar_021_18
157,0,157,case157_CGCH4_Q401691_CL151.5_CGR2.71_K100_Poro0.160,314.27,8900000.0,0.16,100.0,CH4,-15.168841682209763,-15.168841682209763,15.168841682209763,205.36400161569162,75.75415464830459,75.75415464830459,1720.4470945817836,43200.0,2.710927243121018,151.50830929660918,401690.61058483314,15.168841682209763,100.0,0.16,8.9,41.12,0,9,9,17,Bunter Closure 42
158,0,158,case158_CGN2_Q87743_CL107.2_CGR3.14_K1.6e03_Poro0.230,380.03,50700000.0,0.23,1600.0,N2,-3.31340184076631,-3.31340184076631,3.31340184076631,168.25969415548124,53.57604868407995,53.57604868407995,1239.7806678370803,43200.0,3.1405767742905493,107.1520973681599,87743.18015931969,3.31340184076631,1600.0,0.23,50.7,106.88,3,10,10,58,Fulmar_021_25
159,0,159,case159_CGCH4_Q54058_CL217.1_CGR1.59_K100_Poro0.160,314.27,8900000.0,0.16,100.0,CH4,-2.0413640137159326,-2.0413640137159326,2.0413640137159326,172.4813809296011,108.56724517978618,108.56724517978618,2343.826284525325,43200.0,1.5887055128273155,217.13449035957237,54057.96792362615,2.0413640137159326,100.0,0.16,8.9,41.12,0,9,9,17,Bunter Closure 42
160,0,160,case160_CGN2_Q69590_CL252.5_CGR0.92_K100_Poro0.160,314.27,8900000.0,0.16,100.0,N2,-2.6278770862167264,-2.6278770862167264,2.6278770862167264,115.5682700192467,126.26361238712937,126.26361238712937,2640.840517761834,43200.0,0.9152935500127279,252.52722477425874,69589.59513318044,2.6278770862167264,100.0,0.16,8.9,41.12,0,9,9,17,Bunter Closure 42
161,0,161,case161_CGCH4_Q811387_CL112.3_CGR2.91_K100_Poro0.210,330.03215,13500000.0,0.21,100.0,CH4,-30.640019956113758,-30.640019956113758,30.640019956113758,163.25495334835637,56.12734299816864,56.12734299816864,1285.8018133117291,43200.0,2.9086527996467453,112.25468599633729,811387.486424727,30.640019956113758,100.0,0.21,13.5,56.88215,0,3,3,14,Bunter Closure 4
162,0,162,case162_CGCH4_Q248306_CL359.2_CGR2.13_K100_Poro0.210,330.03215,13500000.0,0.21,100.0,CH4,-9.37665235665645,-9.37665235665645,9.37665235665645,382.83041064995064,179.61281690326032,179.61281690326032,3975.0867487151572,43200.0,2.1314203365350233,359.22563380652065,248305.9213944111,9.37665235665645,100.0,0.21,13.5,56.88215,0,3,3,14,Bunter Closure 4
163,0,163,case163_CGCO2_Q11441_CL309.8_CGR0.54_K307_Poro0.180,373.62,41400000.0,0.18,306.6,CO2,-0.4320449676615626,-0.4320449676615626,0.4320449676615626,83.44951363026563,154.87559723443027,154.87559723443027,3180.9614583188713,43200.0,0.5388164121423903,309.75119446886055,11441.111358134725,0.4320449676615626,306.6,0.18,41.4,100.47,1,6,6,61,Fulmar_021_30
164,0,164,case164_CGCO2_Q13691_CL140.1_CGR0.27_K271_Poro0.220,322.38,11500000.0,0.22,271.0,CO2,-0.5170006285795749,-0.5170006285795749,0.5170006285795749,19.17792571061878,70.06900883270976,70.06900883270976,1420.558102364814,43200.0,0.2737005422241124,140.1380176654195,13690.84749631446,0.5170006285795749,271.0,0.22,11.5,49.23,1,12,12,9,Bunter Closure 35
165,0,165,case165_CGCH4_Q58022_CL117.6_CGR1.58_K250_Poro0.150,309.15,8100000.0,0.15,250.0,CH4,-2.1910630998971192,-2.1910630998971192,2.1910630998971192,92.83931128183352,58.79657221349186,58.79657221349186,1268.7707555516706,43200.0,1.5789919001524715,117.59314442698371,58022.19397278038,2.1910630998971192,250.0,0.15,8.1,36.0,1,15,15,131,Orrin_012_26
166,0,166,case166_CGH2_Q1494588_CL102.8_CGR2.58_K1.6e03_Poro0.230,354.44,29700000.0,0.23,1600.0,H2,-56.439395141303514,-56.439395141303514,56.439395141303514,132.50700584268515,51.39702852514303,51.39702852514303,1160.4475763455457,43200.0,2.5781063544921423,102.79405705028606,1494588.4181742074,56.439395141303514,1600.0,0.23,29.7,81.29,3,14,14,54,Fulmar_021_16
167,0,167,case167_CGH2_Q597289_CL136.9_CGR2.24_K100_Poro0.160,314.27,8900000.0,0.16,100.0,H2,-22.55514383949173,-22.55514383949173,22.55514383949173,153.60588935633282,68.45270892374938,68.45270892374938,1522.6600678313205,43200.0,2.243970936598535,136.90541784749877,597289.4760540676,22.55514383949173,100.0,0.16,8.9,41.12,0,9,9,17,Bunter Closure 42
168,0,168,case168_CGCH4_Q24515_CL84.3_CGR1.01_K250_Poro0.150,309.15,8100000.0,0.15,250.0,CH4,-0.9257481069777167,-0.9257481069777167,0.9257481069777167,42.40152374679615,42.170245485821894,42.170245485821894,885.806433463234,34788.03447782883,1.0054843944660463,84.34049097164379,24515.011108314244,0.9257481069777167,250.0,0.15,8.1,36.0,1,15,15,131,Orrin_012_26
169,0,169,case169_CGN2_Q167367_CL50.9_CGR3.37_K100_Poro0.210,330.03215,13500000.0,0.21,100.0,N2,-6.320213766222558,-6.320213766222558,6.320213766222558,85.62317607728266,25.429556282072387,25.429556282072387,594.2143017187304,23336.416212953776,3.3670731462053176,50.85911256414477,167367.46153518854,6.320213766222558,100.0,0.21,13.5,56.88215,0,3,3,14,Bunter Closure 4
170,1,170,case170_CGN2_Q18231_CL52.7_CGR1.74_K1.6e03_Poro0.230,354.44,29700000.0,0.23,1600.0,N2,-0.6884589890793092,-0.6884589890793092,0.6884589890793092,45.96092454084397,26.360460382925147,26.360460382925147,573.1701321993469,22509.95428273799,1.7435554566647449,52.720920765850295,18231.287363900938,0.6884589890793092,1600.0,0.23,29.7,81.29,3,14,14,54,Fulmar_021_16
171,1,171,case171_CGH2_Q146273_CL70.6_CGR1.93_K100_Poro0.190,308.37,7300000.0,0.19,100.0,H2,-5.523627472243046,-5.523627472243046,5.523627472243046,68.31848998911295,35.31372035578396,35.31372035578396,774.5928971047922,30420.375595388203,1.9346160444384672,70.62744071156791,146272.82283331468,5.523627472243046,100.0,0.19,7.3,35.22,0,5,5,16,Bunter Closure 41
172,1,172,case172_CGCO2_Q101939_CL364.5_CGR1.70_K1.6e03_Poro0.230,354.44,29700000.0,0.23,1600.0,CO2,-3.849470193647726,-3.849470193647726,3.849470193647726,310.514386274261,182.2393149090795,182.2393149090795,3955.300684455851,43200.0,1.7038825372515194,364.478629818159,101938.9657371129,3.849470193647726,1600.0,0.23,29.7,81.29,3,14,14,54,Fulmar_021_16
173,1,173,case173_CGCO2_Q10963_CL49.9_CGR0.46_K500_Poro0.230,367.69,30900000.0,0.23,500.0,CO2,-0.4139830441711582,-0.4139830441711582,0.4139830441711582,11.503119727359362,24.951351643725328,24.951351643725328,510.53015260186595,20049.911447636918,0.4610219074144676,49.902703287450656,10962.808187253444,0.4139830441711582,500.0,0.23,30.9,94.54,3,17,17,86,Fulmar_030_29
174,1,174,case174_CGN2_Q65041_CL180.0_CGR0.66_K100_Poro0.140,285.4271,700000.0,0.14,100.0,N2,-2.4561241637734628,-2.4561241637734628,2.4561241637734628,59.65799236752965,89.97610501681127,89.97610501681127,1859.1800927037552,43200.0,0.6630426195530809,179.95221003362255,65041.35488311056,2.4561241637734628,100.0,0.14,0.7,12.2771,0,16,16,25,Bunter Sandstone Formation Zone 4
175,1,175,case175_CGCH4_Q1151718_CL97.6_CGR3.29_K100_Poro0.160,314.27,8900000.0,0.16,100.0,CH4,-43.49176735026756,-43.49176735026756,43.49176735026756,160.4022184580009,48.78359135750376,48.78359135750376,1136.0740456080762,43200.0,3.2880362842193307,97.56718271500752,1151718.433638333,43.49176735026756,100.0,0.16,8.9,41.12,0,9,9,17,Bunter Closure 42
176,1,176,case176_CGH2_Q20214_CL100.1_CGR3.38_K1.6e03_Poro0.230,380.03,50700000.0,0.23,1600.0,H2,-0.7633177397754692,-0.7633177397754692,0.7633177397754692,169.1406596011183,50.06385251001781,50.06385251001781,1170.4177098014745,43200.0,3.3784986796066714,100.12770502003562,20213.644217821096,0.7633177397754692,1600.0,0.23,50.7,106.88,3,10,10,58,Fulmar_021_25
177,1,177,case177_CGN2_Q131763_CL197.7_CGR3.34_K271_Poro0.220,322.38,11500000.0,0.22,271.0,N2,-4.975695224250227,-4.975695224250227,4.975695224250227,329.9670101347476,98.82586756499754,98.82586756499754,2306.4843614346983,43200.0,3.338872890923311,197.65173512999507,131762.86591857602,4.975695224250227,271.0,0.22,11.5,49.23,1,12,12,9,Bunter Closure 35
178,1,178,case178_CGCO2_Q1035175_CL245.5_CGR3.23_K307_Poro0.180,359.45,29100000.0,0.18,306.6,CO2,-39.09079973563234,-39.09079973563234,39.09079973563234,396.2337337768459,122.7566207618306,122.7566207618306,2851.3661490134577,43200.0,3.2277992935762616,245.5132415236612,1035175.1005794726,39.09079973563234,306.6,0.18,29.1,86.3,1,8,8,59,Fulmar_021_28
179,1,179,case179_CGN2_Q24357_CL20.9_CGR0.62_K100_Poro0.140,285.4271,700000.0,0.14,100.0,N2,-0.919797673664101,-0.919797673664101,0.919797673664101,6.451975555560973,10.451766689375336,10.451766689375336,215.4873093430677,8462.774330564112,0.6173095656755981,20.903533378750673,24357.43591298513,0.919797673664101,100.0,0.14,0.7,12.2771,0,16,16,25,Bunter Sandstone Formation Zone 4
180,1,180,case180_CGCH4_Q307960_CL297.9_CGR2.84_K100_Poro0.140,330.71,13700000.0,0.14,100.0,CH4,-11.629323577894066,-11.629323577894066,11.629323577894066,423.2377646314412,148.959854730762,148.959854730762,3402.4348592466813,43200.0,2.841287442152946,297.919709461524,307959.57836197456,11.629323577894066,100.0,0.14,13.7,57.56,0,1,1,22,Bunter Closure 7
181,1,181,case181_CGCO2_Q17884_CL341.7_CGR0.95_K100_Poro0.230,281.95,200000.0,0.23,100.0,CO2,-0.6753508428615437,-0.6753508428615437,0.6753508428615437,162.05294530981664,170.86729984311236,170.86729984311236,3579.398942172064,43200.0,0.9484140350939652,341.7345996862247,17884.16664313919,0.6753508428615437,100.0,0.23,0.2,8.8,0,11,11,143,Spilsby Sandstone Formation 1
182,1,182,case182_CGH2_Q29994_CL22.4_CGR3.30_K250_Poro0.150,309.15,8100000.0,0.15,250.0,H2,-1.1326409706402072,-1.1326409706402072,1.1326409706402072,36.8840342122784,11.18390270144019,11.18390270144019,260.56208824108217,10232.983829104318,3.297957358617642,22.36780540288038,29993.80259888003,1.1326409706402072,250.0,0.15,8.1,36.0,1,15,15,131,Orrin_012_26
183,1,183,case183_CGH2_Q19099_CL231.3_CGR0.49_K250_Poro0.150,309.15,8100000.0,0.15,250.0,H2,-0.7212149431317012,-0.7212149431317012,0.7212149431317012,56.2954929987146,115.64526624609917,115.64526624609917,2369.200817920698,43200.0,0.48679461620949405,231.29053249219834,19098.707530796455,0.7212149431317012,250.0,0.15,8.1,36.0,1,15,15,131,Orrin_012_26
184,1,184,case184_CGH2_Q210027_CL188.2_CGR2.81_K500_Poro0.230,367.69,30900000.0,0.23,500.0,H2,-7.931161583838182,-7.931161583838182,7.931161583838182,264.1447385061649,94.08060662862316,94.08060662862316,2145.756871078628,43200.0,2.807642807288206,188.16121325724632,210027.4500850892,7.931161583838182,500.0,0.23,30.9,94.54,3,17,17,86,Fulmar_030_29
185,1,185,case185_CGCO2_Q59983_CL38.4_CGR1.06_K271_Poro0.220,322.38,11500000.0,0.22,271.0,CO2,-2.265103198744482,-2.265103198744482,2.265103198744482,20.3349406897005,19.1824871750596,19.1824871750596,403.9846841908925,15865.580324587778,1.0600784196607873,38.3649743501192,59982.871863475186,2.265103198744482,271.0,0.22,11.5,49.23,1,12,12,9,Bunter Closure 35
186,1,186,case186_CGH2_Q31160_CL15.1_CGR2.44_K1.6e03_Poro0.230,354.44,29700000.0,0.23,1600.0,H2,-1.1766769034024724,-1.1766769034024724,1.1766769034024724,18.365340395678196,7.528855218476416,7.528855218476416,168.94244476520652,6634.830558051747,2.439327077323545,15.057710436952831,31159.931238728168,1.1766769034024724,1600.0,0.23,29.7,81.29,3,14,14,54,Fulmar_021_16
187,1,187,case187_CGN2_Q619496_CL335.6_CGR2.73_K350_Poro0.140,318.9319,10300000.0,0.14,350.0,N2,-23.393728779510543,-23.393728779510543,23.393728779510543,458.2801308318218,167.81290047694836,167.81290047694836,3814.538140370789,43200.0,2.7308992903961724,335.6258009538967,619496.2933998157,23.393728779510543,350.0,0.14,10.3,45.7819,2,2,2,23,Bunter Sandstone Formation Zone 1
188,1,188,case188_CGN2_Q276757_CL275.4_CGR2.22_K100_Poro0.230,281.95,200000.0,0.23,100.0,N2,-10.451054660009824,-10.451054660009824,10.451054660009824,305.3772359998787,137.6877586573717,137.6877586573717,3059.1324091473125,43200.0,2.217896775847684,275.3755173147434,276757.4885139973,10.451054660009824,100.0,0.23,0.2,8.8,0,11,11,143,Spilsby Sandstone Formation 1
189,1,189,case189_CGH2_Q984117_CL167.5_CGR2.56_K350_Poro0.140,318.9319,10300000.0,0.14,350.0,H2,-37.16271483606186,-37.16271483606186,37.16271483606186,214.01377876704214,83.74032045688864,83.74032045688864,1888.820187904815,43200.0,2.5556837805179065,167.48064091377728,984116.9105875368,37.16271483606186,350.0,0.14,10.3,45.7819,2,2,2,23,Bunter Sandstone Formation Zone 1
190,2,190,case190_CGN2_Q10798_CL35.2_CGR0.07_K250_Poro0.150,309.15,8100000.0,0.15,250.0,N2,-0.40776051964116883,-0.40776051964116883,0.40776051964116883,1.198203620291525,17.5845879154762,17.5845879154762,352.88996192981546,13858.951232152753,0.06813941993130164,35.1691758309524,10798.027663453659,0.40776051964116883,250.0,0.15,8.1,36.0,1,15,15,131,Orrin_012_26
191,2,191,case191_CGCH4_Q314889_CL101.2_CGR2.42_K470_Poro0.220,352.85999999999996,23880000.0,0.22,470.0,CH4,-11.89100329547399,-11.89100329547399,11.89100329547399,122.3918423095382,50.57594255357471,50.57594255357471,1133.9106933810324,43200.0,2.419961668136772,101.15188510714943,314889.1968347961,11.89100329547399,470.0,0.22,23.88,79.71,3,0,0,147,Statfjord_009_24
192,2,192,case192_CGN2_Q1228687_CL94.3_CGR0.71_K307_Poro0.180,373.62,41400000.0,0.18,306.6,N2,-46.39829182765357,-46.39829182765357,46.39829182765357,33.633637900075826,47.15891949687152,47.15891949687152,976.8120278375063,38362.072365982065,0.7131978056093302,94.31783899374304,1228686.973257956,46.39829182765357,306.6,0.18,41.4,100.47,1,6,6,61,Fulmar_021_30
193,2,193,case193_CGCO2_Q13872_CL55.8_CGR0.57_K307_Poro0.180,359.45,29100000.0,0.18,306.6,CO2,-0.5238421594887267,-0.5238421594887267,0.5238421594887267,15.943164367871715,27.884915247555448,27.884915247555448,573.6414693189807,22528.46497689088,0.5717487116719634,55.769830495110895,13872.02011224698,0.5238421594887267,306.6,0.18,29.1,86.3,1,8,8,59,Fulmar_021_28
194,2,194,case194_CGCO2_Q110679_CL122.5_CGR1.99_K307_Poro0.180,359.45,29100000.0,0.18,306.6,CO2,-4.179531971602757,-4.179531971602757,4.179531971602757,122.08060980712996,61.26510807014776,61.26510807014776,1347.3827712100854,43200.0,1.9926612986195866,122.53021614029552,110679.4299001061,4.179531971602757,306.6,0.18,29.1,86.3,1,8,8,59,Fulmar_021_28
195,2,195,case195_CGCH4_Q558254_CL323.5_CGR0.88_K100_Poro0.290,308.51275,7300000.0,0.29,100.0,CH4,-21.0810682123968,-21.0810682123968,21.0810682123968,141.8828303283787,161.72869518956463,161.72869518956463,3376.456734119671,43200.0,0.8772891549151232,323.45739037912927,558254.0407122622,21.0810682123968,100.0,0.29,7.3,35.36275,0,7,7,3,Bunter Closure 1
196,2,196,case196_CGCO2_Q533313_CL350.9_CGR0.58_K100_Poro0.140,330.71,13700000.0,0.14,100.0,CO2,-20.13925063155672,-20.13925063155672,20.13925063155672,101.17329021218984,175.4712870807387,175.4712870807387,3610.5990318269637,43200.0,0.5765803163319677,350.9425741614774,533313.4890845871,20.13925063155672,100.0,0.14,13.7,57.56,0,1,1,22,Bunter Closure 7
197,2,197,case197_CGCO2_Q725744_CL129.6_CGR3.94_K350_Poro0.140,318.9319,10300000.0,0.14,350.0,CO2,-27.40590676579648,-27.40590676579648,27.40590676579648,255.2887413126408,64.8070551895803,64.8070551895803,1551.4298451042469,43200.0,3.9392121824675383,129.6141103791606,725743.9726129487,27.40590676579648,350.0,0.14,10.3,45.7819,2,2,2,23,Bunter Sandstone Formation Zone 1
198,2,198,case198_CGCO2_Q1099365_CL362.0_CGR1.67_K250_Poro0.150,309.15,8100000.0,0.15,250.0,CO2,-41.514757500271045,-41.514757500271045,41.514757500271045,301.61136507065845,180.99841424058312,180.99841424058312,3921.5796498823206,43200.0,1.6663757322744088,361.99682848116623,1099364.6474749034,41.514757500271045,250.0,0.15,8.1,36.0,1,15,15,131,Orrin_012_26
199,2,199,case199_CGCO2_Q245437_CL260.4_CGR2.96_K350_Poro0.140,318.9319,10300000.0,0.14,350.0,CO2,-9.268316637264647,-9.268316637264647,9.268316637264647,384.7676616461072,130.20738611241256,130.20738611241256,2988.9153838943585,43200.0,2.955037138322736,260.41477222482513,245437.05097026538,9.268316637264647,350.0,0.14,10.3,45.7819,2,2,2,23,Bunter Sandstone Formation Zone 1
200,2,200,case200_CGN2_Q27384_CL257.8_CGR2.18_K330_Poro0.140,333.58,17300000.0,0.14,330.0,N2,-1.0340772411119712,-1.0340772411119712,1.0340772411119712,281.5752033809849,128.8807371703224,128.8807371703224,2859.1899467874327,43200.0,2.1847733770242876,257.7614743406448,27383.70714629516,1.0340772411119712,330.0,0.14,17.3,60.43,2,13,13,129,Nansen_210_25
201,2,201,case201_CGN2_Q72937_CL241.5_CGR1.95_K470_Poro0.220,352.85999999999996,23880000.0,0.22,470.0,N2,-2.7542823500766254,-2.7542823500766254,2.7542823500766254,235.88901408539977,120.73691286053418,120.73691286053418,2650.627271296083,43200.0,1.9537439586340946,241.47382572106835,72936.97054158557,2.7542823500766254,470.0,0.22,23.88,79.71,3,0,0,147,Statfjord_009_24
202,2,202,case202_CGN2_Q29259_CL353.0_CGR1.15_K330_Poro0.140,333.58,17300000.0,0.14,330.0,N2,-1.1049025405585378,-1.1049025405585378,1.1049025405585378,203.6976948313707,176.49294947101455,176.49294947101455,3733.556684251662,43200.0,1.1541406919760497,352.9858989420291,29259.25297738597,1.1049025405585378,330.0,0.14,17.3,60.43,2,13,13,129,Nansen_210_25
203,2,203,case203_CGH2_Q10468_CL330.2_CGR1.04_K350_Poro0.160,329.44345,13300000.0,0.16,350.0,H2,-0.3952813321628585,-0.3952813321628585,0.3952813321628585,172.16801550994768,165.10686056535363,165.10686056535363,3474.30522681702,43200.0,1.0427671807241412,330.21372113070726,10467.562586239217,0.3952813321628585,350.0,0.16,13.3,56.29345,2,19,19,24,Bunter Sandstone Formation Zone 2
204,2,204,case204_CGH2_Q1004929_CL60.3_CGR2.46_K250_Poro0.150,309.15,8100000.0,0.15,250.0,H2,-37.94862693064508,-37.94862693064508,37.94862693064508,74.27279183450227,30.171413093417502,30.171413093417502,677.7010537028524,26615.16865451202,2.4616941740360967,60.342826186835005,1004928.8826387308,37.94862693064508,250.0,0.15,8.1,36.0,1,15,15,131,Orrin_012_26
205,2,205,case205_CGN2_Q16220_CL64.7_CGR2.49_K100_Poro0.140,285.4271,700000.0,0.14,100.0,N2,-0.6125256114674518,-0.6125256114674518,0.6125256114674518,80.68025102738126,32.35975577818472,32.35975577818472,727.8753665910756,28585.650760667697,2.4932280571094956,64.71951155636944,16220.472994834869,0.6125256114674518,100.0,0.14,0.7,12.2771,0,16,16,25,Bunter Sandstone Formation Zone 4
206,2,206,case206_CGCO2_Q58857_CL218.3_CGR0.44_K100_Poro0.160,314.27,8900000.0,0.16,100.0,CO2,-2.2225827538772283,-2.2225827538772283,2.2225827538772283,48.21009850032127,109.1266276169397,109.1266276169397,2230.7426508391154,43200.0,0.44178125497976656,218.2532552338794,58856.87530955917,2.2225827538772283,100.0,0.16,8.9,41.12,0,9,9,17,Bunter Closure 42
207,2,207,case207_CGH2_Q26042_CL82.8_CGR2.85_K307_Poro0.180,359.45,29100000.0,0.18,306.6,H2,-0.983419911667587,-0.983419911667587,0.983419911667587,118.09317269532065,41.403075400507284,41.403075400507284,946.1546807054663,37158.07473316013,2.852280212350451,82.80615080101457,26042.235330488897,0.983419911667587,306.6,0.18,29.1,86.3,1,8,8,59,Fulmar_021_28
208,2,208,case208_CGCH4_Q584901_CL269.2_CGR3.05_K307_Poro0.180,359.45,29100000.0,0.18,306.6,CH4,-22.08731627281212,-22.08731627281212,22.08731627281212,410.54254354384454,134.61953682322988,134.61953682322988,3102.933280008442,43200.0,3.0496505427955203,269.23907364645976,584900.795043022,22.08731627281212,306.6,0.18,29.1,86.3,1,8,8,59,Fulmar_021_28
209,2,209,case209_CGH2_Q32273_CL356.9_CGR0.11_K1.6e03_Poro0.230,368.15999999999997,34800000.0,0.23,1600.0,H2,-1.218700372699202,-1.218700372699202,1.218700372699202,20.268301688380816,178.44403293974165,178.44403293974165,3589.1489604832136,43200.0,0.1135835217041142,356.8880658794833,32272.767234669365,1.218700372699202,1600.0,0.23,34.8,95.01,3,4,4,55,Fulmar_021_18
210,3,210,case210_CGN2_Q21220_CL243.0_CGR0.76_K100_Poro0.230,281.95,200000.0,0.23,100.0,N2,-0.8013129090508923,-0.8013129090508923,0.8013129090508923,92.29515565625395,121.48827333519328,121.48827333519328,2522.0606223601194,43200.0,0.7597042341823905,242.97654667038657,21219.80560214213,0.8013129090508923,100.0,0.23,0.2,8.8,0,11,11,143,Spilsby Sandstone Formation 1
211,3,211,case211_CGH2_Q113752_CL63.8_CGR1.08_K1.6e03_Poro0.230,368.15999999999997,34800000.0,0.23,1600.0,H2,-4.295552403479878,-4.295552403479878,4.295552403479878,34.42832712683873,31.90390683621784,31.90390683621784,672.5064638511956,26411.162943974225,1.0791257416710835,63.80781367243568,113751.80148241979,4.295552403479878,1600.0,0.23,34.8,95.01,3,4,4,55,Fulmar_021_18
212,3,212,case212_CGCO2_Q328075_CL106.2_CGR3.27_K330_Poro0.140,333.58,17300000.0,0.14,330.0,CO2,-12.388918151544976,-12.388918151544976,12.388918151544976,173.35458399137855,53.08164637309459,53.08164637309459,1234.9875114532704,43200.0,3.265810234537987,106.16329274618919,328074.62830969814,12.388918151544976,330.0,0.14,17.3,60.43,2,13,13,129,Nansen_210_25
213,3,213,case213_CGH2_Q798894_CL42.3_CGR3.75_K100_Poro0.140,330.71,13700000.0,0.14,100.0,H2,-30.16824569361434,-30.16824569361434,30.16824569361434,79.31889923990742,21.131459554564742,21.131459554564742,501.94809033120225,19712.870456643577,3.753593027263147,42.262919109129484,798894.2917872053,30.16824569361434,100.0,0.14,13.7,57.56,0,1,1,22,Bunter Closure 7
214,3,214,case214_CGN2_Q13366_CL171.1_CGR2.51_K271_Poro0.220,322.38,11500000.0,0.22,271.0,N2,-0.50473210742749,-0.50473210742749,0.50473210742749,214.45511010999527,85.5416781621951,85.5416781621951,1925.2886733538974,43200.0,2.507024817812998,171.0833563243902,13365.961136775635,0.50473210742749,271.0,0.22,11.5,49.23,1,12,12,9,Bunter Closure 35
215,3,215,case215_CGN2_Q11523_CL240.7_CGR1.38_K100_Poro0.290,308.51275,7300000.0,0.29,100.0,N2,-0.4351197117499771,-0.4351197117499771,0.4351197117499771,166.09847259195465,120.37142045614617,120.37142045614617,2573.526881714878,43200.0,1.3798829652630693,240.74284091229234,11522.534571333388,0.4351197117499771,100.0,0.29,7.3,35.36275,0,7,7,3,Bunter Closure 1
216,3,216,case216_CGH2_Q37286_CL91.2_CGR2.75_K1.6e03_Poro0.230,368.15999999999997,34800000.0,0.23,1600.0,H2,-1.4079951288004664,-1.4079951288004664,1.4079951288004664,125.34370753161605,45.599607841515855,45.599607841515855,1037.335864361933,40739.00849130501,2.7487891555395727,91.19921568303171,37285.538001998444,1.4079951288004664,1600.0,0.23,34.8,95.01,3,4,4,55,Fulmar_021_18
217,3,217,case217_CGCH4_Q25678_CL328.7_CGR2.65_K307_Poro0.180,359.45,29100000.0,0.18,306.6,CH4,-0.9696614074644005,-0.9696614074644005,0.9696614074644005,434.9214243836662,164.3632639040916,164.3632639040916,3722.1867024654985,43200.0,2.6460987330931154,328.7265278081832,25677.892286379356,0.9696614074644005,306.6,0.18,29.1,86.3,1,8,8,59,Fulmar_021_28
218,3,218,case218_CGN2_Q122655_CL146.4_CGR1.03_K100_Poro0.190,308.37,7300000.0,0.19,100.0,N2,-4.6317711275928,-4.6317711275928,4.6317711275928,75.64568100055796,73.21684097038326,73.21684097038326,1539.9825004082231,43200.0,1.0331732426308475,146.43368194076652,122655.3095688262,4.6317711275928,100.0,0.19,7.3,35.22,0,5,5,16,Bunter Closure 41
219,3,219,case219_CGCH4_Q283353_CL320.4_CGR2.17_K100_Poro0.160,314.27,8900000.0,0.16,100.0,CH4,-10.700119845963961,-10.700119845963961,10.700119845963961,348.0425853223976,160.17979759194,160.17979759194,3551.6385371611977,43200.0,2.172824479458017,320.35959518388,283353.0578209589,10.700119845963961,100.0,0.16,8.9,41.12,0,9,9,17,Bunter Closure 42
220,3,220,case220_CGN2_Q56459_CL160.1_CGR2.41_K100_Poro0.160,314.27,8900000.0,0.16,100.0,N2,-2.1320246673408594,-2.1320246673408594,2.1320246673408594,193.27539728263477,80.04781829567767,80.04781829567767,1794.231763196188,43200.0,2.414499250544484,160.09563659135534,56458.77967138985,2.1320246673408594,100.0,0.16,8.9,41.12,0,9,9,17,Bunter Closure 42
221,3,221,case221_CGCO2_Q375942_CL79.7_CGR1.19_K100_Poro0.140,330.71,13700000.0,0.14,100.0,CO2,-14.19651332189584,-14.19651332189584,14.19651332189584,47.300867451241906,39.87398364457048,39.87398364457048,844.7805403426514,33176.83576618413,1.1862588868188675,79.74796728914096,375942.0939264042,14.19651332189584,100.0,0.14,13.7,57.56,0,1,1,22,Bunter Closure 7
222,3,222,case222_CGH2_Q447008_CL322.2_CGR1.18_K250_Poro0.150,309.15,8100000.0,0.15,250.0,H2,-16.88013849193892,-16.88013849193892,16.88013849193892,190.34797185033108,161.08944107710656,161.08944107710656,3412.136793392462,43200.0,1.1816291035439108,322.1788821542131,447007.9706571047,16.88013849193892,250.0,0.15,8.1,36.0,1,15,15,131,Orrin_012_26
223,3,223,case223_CGCO2_Q1392677_CL176.8_CGR3.04_K350_Poro0.140,318.9319,10300000.0,0.14,350.0,CO2,-52.59098220240448,-52.59098220240448,52.59098220240448,268.2808104900795,88.3839757314116,88.3839757314116,2035.9603251183116,43200.0,3.035401024563016,176.7679514628232,1392677.4499147164,52.59098220240448,350.0,0.14,10.3,45.7819,2,2,2,23,Bunter Sandstone Formation Zone 1
224,3,224,case224_CGN2_Q11739_CL143.4_CGR2.50_K100_Poro0.140,285.4271,700000.0,0.14,100.0,N2,-0.4433086348890989,-0.4433086348890989,0.4433086348890989,179.16787121412193,71.68899076544764,71.68899076544764,1612.947686523075,43200.0,2.499238297276693,143.37798153089528,11739.387881869548,0.4433086348890989,100.0,0.14,0.7,12.2771,0,16,16,25,Bunter Sandstone Formation Zone 4
225,3,225,case225_CGH2_Q30909_CL254.1_CGR2.39_K350_Poro0.160,329.44345,13300000.0,0.16,350.0,H2,-1.1672118846232673,-1.1672118846232673,1.1672118846232673,303.45042607042916,127.07173013513977,127.07173013513977,2844.885028773225,43200.0,2.3880246672309573,254.14346027027955,30909.285259801847,1.1672118846232673,350.0,0.16,13.3,56.29345,2,19,19,24,Bunter Sandstone Formation Zone 2
226,3,226,case226_CGCH4_Q90551_CL343.7_CGR0.73_K250_Poro0.150,309.15,8100000.0,0.15,250.0,CH4,-3.4194487809741383,-3.4194487809741383,3.4194487809741383,125.00845926756355,171.8417521594171,171.8417521594171,3561.8435024559053,43200.0,0.7274626666492179,343.6835043188342,90551.44074079147,3.4194487809741383,250.0,0.15,8.1,36.0,1,15,15,131,Orrin_012_26
227,3,227,case227_CGN2_Q477599_CL120.7_CGR0.00_K100_Poro0.140,285.4271,700000.0,0.14,100.0,N2,-18.03533197008431,-18.03533197008431,18.03533197008431,0.26393807889925164,60.345798257869035,60.345798257869035,1207.1799032362799,43200.0,0.004373760667998693,120.69159651573807,477598.9929184855,18.03533197008431,100.0,0.14,0.7,12.2771,0,16,16,25,Bunter Sandstone Formation Zone 4
228,3,228,case228_CGH2_Q181707_CL139.4_CGR2.95_K1.6e03_Poro0.230,354.44,29700000.0,0.23,1600.0,H2,-6.861704852308726,-6.861704852308726,6.861704852308726,205.5450713521545,69.708504345705,69.708504345705,1599.7151582662545,43200.0,2.9486369458279578,139.41700869141,181706.84812469318,6.861704852308726,1600.0,0.23,29.7,81.29,3,14,14,54,Fulmar_021_16
229,3,229,case229_CGCH4_Q168847_CL189.7_CGR0.23_K330_Poro0.140,333.58,17300000.0,0.14,330.0,CH4,-6.376079700634486,-6.376079700634486,6.376079700634486,21.591852108363177,94.83706094432722,94.83706094432722,1918.3330709949075,43200.0,0.22767314690444038,189.67412188865444,168846.86396913568,6.376079700634486,330.0,0.14,17.3,60.43,2,13,13,129,Nansen_210_25
230,4,230,case230_CGCO2_Q197566_CL107.4_CGR3.87_K307_Poro0.180,373.62,41400000.0,0.18,306.6,CO2,-7.460582803092959,-7.460582803092959,7.460582803092959,207.89953102065212,53.71915412363068,53.71915412363068,1282.2826134932657,43200.0,3.870119223064955,107.43830824726136,197565.91335565597,7.460582803092959,306.6,0.18,41.4,100.47,1,6,6,61,Fulmar_021_30
231,4,231,case231_CGN2_Q548854_CL341.9_CGR0.14_K250_Poro0.150,309.15,8100000.0,0.15,250.0,N2,-20.72610980048878,-20.72610980048878,20.72610980048878,23.892447095868302,170.94891825013755,170.94891825013755,3442.8708120986194,43200.0,0.1397636635577194,341.8978365002751,548854.2813767303,20.72610980048878,250.0,0.15,8.1,36.0,1,15,15,131,Orrin_012_26
232,4,232,case232_CGCH4_Q82239_CL114.7_CGR0.83_K307_Poro0.180,359.45,29100000.0,0.18,306.6,CH4,-3.1055644484348215,-3.1055644484348215,3.1055644484348215,47.4043635019222,57.336648577248525,57.336648577248525,1194.1373350468928,43200.0,0.8267724863279241,114.67329715449705,82239.37632399394,3.1055644484348215,306.6,0.18,29.1,86.3,1,8,8,59,Fulmar_021_28
233,4,233,case233_CGN2_Q96971_CL360.6_CGR3.09_K100_Poro0.160,314.27,8900000.0,0.16,100.0,N2,-3.6618723339861656,-3.6618723339861656,3.6618723339861656,557.7723390468421,180.30927840636906,180.30927840636906,4163.957907174223,43200.0,3.0934200612226506,360.6185568127381,96971.13098937213,3.6618723339861656,100.0,0.16,8.9,41.12,0,9,9,17,Bunter Closure 42
234,4,234,case234_CGCO2_Q188154_CL280.8_CGR1.21_K271_Poro0.220,322.38,11500000.0,0.22,271.0,CO2,-7.10515744528829,-7.10515744528829,7.10515744528829,169.31413411368638,140.42411565778295,140.42411565778295,2977.7964472693457,43200.0,1.205734024533999,280.8482313155659,188153.78868687956,7.10515744528829,271.0,0.22,11.5,49.23,1,12,12,9,Bunter Closure 35
235,4,235,case235_CGCH4_Q14847_CL186.1_CGR2.61_K100_Poro0.190,308.37,7300000.0,0.19,100.0,CH4,-0.5606661476106363,-0.5606661476106363,0.5606661476106363,242.88234076709892,93.06801697677538,93.06801697677538,2104.2426803026065,43200.0,2.6097294071249943,186.13603395355076,14847.167099917544,0.5606661476106363,100.0,0.19,7.3,35.22,0,5,5,16,Bunter Closure 41
236,4,236,case236_CGN2_Q676645_CL215.8_CGR2.04_K1.6e03_Poro0.230,380.03,50700000.0,0.23,1600.0,N2,-25.551808349518545,-25.551808349518545,25.551808349518545,220.16307505013557,107.92083368468604,107.92083368468604,2378.5797487438563,43200.0,2.04004238600852,215.8416673693721,676645.0407022454,25.551808349518545,1600.0,0.23,50.7,106.88,3,10,10,58,Fulmar_021_25
237,4,237,case237_CGH2_Q1018058_CL264.7_CGR3.07_K1.6e03_Poro0.230,354.44,29700000.0,0.23,1600.0,H2,-38.444400267697894,-38.444400267697894,38.444400267697894,406.7501672328148,132.37206190646563,132.37206190646563,3054.1914053621276,43200.0,3.072779568246246,264.74412381293126,1018057.6039112317,38.444400267697894,1600.0,0.23,29.7,81.29,3,14,14,54,Fulmar_021_16
238,4,238,case238_CGN2_Q183256_CL152.9_CGR2.35_K100_Poro0.140,330.71,13700000.0,0.14,100.0,N2,-6.920191557923901,-6.920191557923901,6.920191557923901,179.42667364666156,76.4330020499213,76.4330020499213,1708.0867146450876,43200.0,2.3475026341300995,152.8660040998426,183255.65198077195,6.920191557923901,100.0,0.14,13.7,57.56,0,1,1,22,Bunter Closure 7
239,4,239,case239_CGH2_Q135246_CL86.5_CGR0.54_K250_Poro0.150,309.15,8100000.0,0.15,250.0,H2,-5.1072219400658145,-5.1072219400658145,5.1072219400658145,23.556962402677893,43.27482433357604,43.27482433357604,889.0534490741987,34915.55363636853,0.5443572045744974,86.54964866715208,135245.86402027975,5.1072219400658145,250.0,0.15,8.1,36.0,1,15,15,131,Orrin_012_26
240,4,240,case240_CGCO2_Q138801_CL269.9_CGR2.10_K100_Poro0.140,330.71,13700000.0,0.14,100.0,CO2,-5.24147160033657,-5.24147160033657,5.24147160033657,282.8438042991669,134.96302665500343,134.96302665500343,2982.1043373992356,43200.0,2.095713257988655,269.92605331000686,138800.96922440434,5.24147160033657,100.0,0.14,13.7,57.56,0,1,1,22,Bunter Closure 7
241,4,241,case241_CGCO2_Q350913_CL127.7_CGR1.64_K307_Poro0.180,359.45,29100000.0,0.18,306.6,CO2,-13.251364522092738,-13.251364522092738,13.251364522092738,104.65341227182354,63.825846057870315,63.825846057870315,1381.17033342923,43200.0,1.6396713672535612,127.65169211574063,350913.32729805325,13.251364522092738,306.6,0.18,29.1,86.3,1,8,8,59,Fulmar_021_28
242,4,242,case242_CGCH4_Q186109_CL61.7_CGR3.15_K100_Poro0.160,314.27,8900000.0,0.16,100.0,CH4,-7.027924815247875,-7.027924815247875,7.027924815247875,97.11113139888472,30.84499881769465,30.84499881769465,714.0111077527777,28041.163504472723,3.148359057260706,61.6899976353893,186108.56842761667,7.027924815247875,100.0,0.16,8.9,41.12,0,9,9,17,Bunter Closure 42
243,4,243,case243_CGN2_Q55205_CL23.6_CGR1.18_K100_Poro0.210,330.03215,13500000.0,0.21,100.0,N2,-2.084672515070482,-2.084672515070482,2.084672515070482,13.877030209037558,11.804287947890966,11.804287947890966,249.9627891668569,9816.720447280199,1.175592316139401,23.608575895781932,55204.83323589493,2.084672515070482,100.0,0.21,13.5,56.88215,0,3,3,14,Bunter Closure 4
244,4,244,case244_CGN2_Q1166275_CL206.1_CGR0.51_K1.6e03_Poro0.230,354.44,29700000.0,0.23,1600.0,N2,-44.0414621863463,-44.0414621863463,44.0414621863463,52.706093601997836,103.03903896332554,103.03903896332554,2113.4868728685087,43200.0,0.5115157723933877,206.07807792665108,1166275.0661726925,44.0414621863463,1600.0,0.23,29.7,81.29,3,14,14,54,Fulmar_021_16
245,4,245,case245_CGCH4_Q1048881_CL55.3_CGR0.09_K100_Poro0.210,330.03215,13500000.0,0.21,100.0,CH4,-39.608369069572994,-39.608369069572994,39.608369069572994,2.36521233905343,27.636335789924793,27.636335789924793,555.0919281375493,21799.9739050383,0.0855834274497309,55.272671579849586,1048881.0081316913,39.608369069572994,100.0,0.21,13.5,56.88215,0,3,3,14,Bunter Closure 4
246,4,246,case246_CGN2_Q33155_CL110.6_CGR1.12_K1.6e03_Poro0.230,368.15999999999997,34800000.0,0.23,1600.0,N2,-1.2520086608288596,-1.2520086608288596,1.2520086608288596,61.92604783331326,55.291770018792725,55.291770018792725,1167.7614482091678,43200.0,1.1199867143386015,110.58354003758545,33154.81392463051,1.2520086608288596,1600.0,0.23,34.8,95.01,3,4,4,55,Fulmar_021_18
247,4,247,case247_CGCO2_Q1044540_CL348.2_CGR3.11_K100_Poro0.190,308.37,7300000.0,0.19,100.0,CO2,-39.44442921866038,-39.44442921866038,39.44442921866038,541.8726982659631,174.12416963812694,174.12416963812694,4024.356091028502,43200.0,3.1119901354999047,348.2483392762539,1044539.6681538663,39.44442921866038,100.0,0.19,7.3,35.22,0,5,5,16,Bunter Closure 41
248,4,248,case248_CGN2_Q1377407_CL270.6_CGR0.18_K100_Poro0.160,314.27,8900000.0,0.16,100.0,N2,-52.01431699634463,-52.01431699634463,52.01431699634463,24.533604378618563,135.29418479571598,135.29418479571598,2730.4173002929383,43200.0,0.1813352467119149,270.58836959143196,1377406.606986948,52.01431699634463,100.0,0.16,8.9,41.12,0,9,9,17,Bunter Closure 42
249,4,249,case249_CGN2_Q656652_CL246.5_CGR1.24_K100_Poro0.290,308.51275,7300000.0,0.29,100.0,N2,-24.796810147368113,-24.796810147368113,24.796810147368113,152.99652319469004,123.25801602072816,123.25801602072816,2618.156843609253,43200.0,1.2412703703502803,246.51603204145633,656651.7086360308,24.796810147368113,100.0,0.29,7.3,35.36275,0,7,7,3,Bunter Closure 1
250,5,250,case250_CGH2_Q61797_CL159.8_CGR2.90_K250_Poro0.150,309.15,8100000.0,0.15,250.0,H2,-2.3335917040750456,-2.3335917040750456,2.3335917040750456,231.85953123983248,79.89480585522033,79.89480585522033,1829.755648344239,43200.0,2.9020601371757735,159.78961171044065,61796.53635418856,2.3335917040750456,250.0,0.15,8.1,36.0,1,15,15,131,Orrin_012_26
251,5,251,case251_CGCO2_Q444006_CL349.8_CGR1.55_K350_Poro0.160,329.44345,13300000.0,0.16,350.0,CO2,-16.766772032583795,-16.766772032583795,16.766772032583795,271.10864998409534,174.88917631646174,174.88917631646174,3768.8921763133303,43200.0,1.5501739769962926,349.7783526329235,444005.8797109247,16.766772032583795,350.0,0.16,13.3,56.29345,2,19,19,24,Bunter Sandstone Formation Zone 2
252,5,252,case252_CGCH4_Q42196_CL300.5_CGR1.97_K1.6e03_Poro0.230,368.15999999999997,34800000.0,0.23,1600.0,CH4,-1.5934395727333188,-1.5934395727333188,1.5934395727333188,295.5990586170381,150.23243499922623,150.23243499922623,3300.247758601563,43200.0,1.9676114456812244,300.46486999845246,42196.347507006125,1.5934395727333188,1600.0,0.23,34.8,95.01,3,4,4,55,Fulmar_021_18
253,5,253,case253_CGH2_Q453081_CL85.1_CGR3.13_K100_Poro0.160,314.27,8900000.0,0.16,100.0,H2,-17.109484483962877,-17.109484483962877,17.109484483962877,133.39261720209066,42.552243127399535,42.552243127399535,984.4374797500814,38661.54465927592,3.13479636790754,85.10448625479907,453081.35012149287,17.109484483962877,100.0,0.16,8.9,41.12,0,9,9,17,Bunter Closure 42
254,5,254,case254_CGCH4_Q81171_CL89.0_CGR1.26_K470_Poro0.220,352.85999999999996,23880000.0,0.22,470.0,CH4,-3.065213320375082,-3.065213320375082,3.065213320375082,56.28763570857365,44.50848991455488,44.50848991455488,946.4574339996713,37169.964680714365,1.2646494144517546,89.01697982910976,81170.82609401077,3.065213320375082,470.0,0.22,23.88,79.71,3,0,0,147,Statfjord_009_24
255,5,255,case255_CGCO2_Q1356842_CL135.3_CGR0.14_K1.6e03_Poro0.230,380.03,50700000.0,0.23,1600.0,CO2,-51.23772894653692,-51.23772894653692,51.23772894653692,9.184405898431685,67.65689898684121,67.65689898684121,1362.3223856352558,43200.0,0.13574973189678685,135.31379797368243,1356841.5477401367,51.23772894653692,1600.0,0.23,50.7,106.88,3,10,10,58,Fulmar_021_25
256,5,256,case256_CGH2_Q35310_CL53.6_CGR0.96_K350_Poro0.140,318.9319,10300000.0,0.14,350.0,H2,-1.3333809802589252,-1.3333809802589252,1.3333809802589252,25.665967745280025,26.789327600393467,26.789327600393467,561.4525197531493,22049.771684850955,0.9580668887300873,53.57865520078693,35309.65853052433,1.3333809802589252,350.0,0.14,10.3,45.7819,2,2,2,23,Bunter Sandstone Formation Zone 1
257,5,257,case257_CGCO2_Q12396_CL17.8_CGR0.64_K100_Poro0.140,285.4271,700000.0,0.14,100.0,CO2,-0.468092237263242,-0.468092237263242,0.468092237263242,5.705977317970513,8.89884142064909,8.89884142064909,183.6828057309523,7213.724734161036,0.6412045173352818,17.79768284129818,12395.689831532392,0.468092237263242,100.0,0.14,0.7,12.2771,0,16,16,25,Bunter Sandstone Formation Zone 4
258,5,258,case258_CGCH4_Q232576_CL331.4_CGR1.94_K307_Poro0.180,359.45,29100000.0,0.18,306.6,CH4,-8.782646717085742,-8.782646717085742,8.782646717085742,321.3068190351961,165.70346731977082,165.70346731977082,3635.3761654306127,43200.0,1.9390470473085843,331.40693463954165,232575.88128661347,8.782646717085742,306.6,0.18,29.1,86.3,1,8,8,59,Fulmar_021_28
259,5,259,case259_CGCH4_Q15516_CL302.0_CGR2.29_K100_Poro0.290,308.51275,7300000.0,0.29,100.0,CH4,-0.5859337034172335,-0.5859337034172335,0.5859337034172335,345.6389855676743,150.98969897676452,150.98969897676452,3365.4329651029648,43200.0,2.2891560676656755,301.97939795352903,15516.2847644418,0.5859337034172335,100.0,0.29,7.3,35.36275,0,7,7,3,Bunter Closure 1
260,5,260,case260_CGN2_Q18381_CL121.5_CGR1.57_K250_Poro0.150,309.15,8100000.0,0.15,250.0,N2,-0.6941243356209421,-0.6941243356209421,0.6941243356209421,95.49205032292082,60.73150341800315,60.73150341800315,1310.122118682984,43200.0,1.5723643405576109,121.4630068360063,18381.313091584034,0.6941243356209421,250.0,0.15,8.1,36.0,1,15,15,131,Orrin_012_26
261,5,261,case261_CGN2_Q389289_CL351.7_CGR0.27_K470_Poro0.220,352.85999999999996,23880000.0,0.22,470.0,N2,-14.700541300452258,-14.700541300452258,14.700541300452258,47.31892795409003,175.83638801370023,175.83638801370023,3564.046688228095,43200.0,0.2691077113708864,351.67277602740046,389289.4088170078,14.700541300452258,470.0,0.22,23.88,79.71,3,0,0,147,Statfjord_009_24
262,5,262,case262_CGCO2_Q35772_CL314.2_CGR3.66_K250_Poro0.150,309.15,8100000.0,0.15,250.0,CO2,-1.3508311993127993,-1.3508311993127993,1.3508311993127993,574.6693549561455,157.1162419096422,157.1162419096422,3716.99419314899,43200.0,3.657606291822068,314.2324838192844,35771.762974188656,1.3508311993127993,250.0,0.15,8.1,36.0,1,15,15,131,Orrin_012_26
263,5,263,case263_CGCO2_Q29633_CL77.7_CGR1.12_K350_Poro0.160,329.44345,13300000.0,0.16,350.0,CO2,-1.119010416098245,-1.119010416098245,1.119010416098245,43.71105753329947,38.86505915097588,38.86505915097588,821.012240552817,32243.389810801542,1.1246877912496862,77.73011830195176,29632.847827825088,1.119010416098245,350.0,0.16,13.3,56.29345,2,19,19,24,Bunter Sandstone Formation Zone 2
264,5,264,case264_CGCH4_Q431557_CL297.6_CGR3.64_K350_Poro0.160,329.44345,13300000.0,0.16,350.0,CH4,-16.296673206882595,-16.296673206882595,16.296673206882595,541.5112558712369,148.7765839540288,148.7765839540288,3517.0429349518135,43200.0,3.6397613218392024,297.5531679080576,431557.05281383893,16.296673206882595,350.0,0.16,13.3,56.29345,2,19,19,24,Bunter Sandstone Formation Zone 2
265,5,265,case265_CGN2_Q46637_CL150.2_CGR1.37_K100_Poro0.140,330.71,13700000.0,0.14,100.0,N2,-1.7611198320851993,-1.7611198320851993,1.7611198320851993,102.62004415493898,75.08731901411606,75.08731901411606,1604.3664244372603,43200.0,1.3666760979393457,150.17463802823212,46636.73835379541,1.7611198320851993,100.0,0.14,13.7,57.56,0,1,1,22,Bunter Closure 7
266,5,266,case266_CGN2_Q159367_CL67.6_CGR1.79_K100_Poro0.210,330.03215,13500000.0,0.21,100.0,N2,-6.018096753137959,-6.018096753137959,6.018096753137959,60.331415413299204,33.77845997627506,33.77845997627506,735.9006149388003,28900.824150323795,1.786091356908341,67.55691995255012,159367.01100663247,6.018096753137959,100.0,0.21,13.5,56.88215,0,3,3,14,Bunter Closure 4
267,5,267,case267_CGCH4_Q118470_CL36.5_CGR0.61_K307_Poro0.180,359.45,29100000.0,0.18,306.6,CH4,-4.473727341248914,-4.473727341248914,4.473727341248914,11.167894414711208,18.270603170551688,18.270603170551688,376.57995782574494,14789.321980065619,0.6112493556157724,36.541206341103376,118470.10503141777,4.473727341248914,306.6,0.18,29.1,86.3,1,8,8,59,Fulmar_021_28
268,5,268,case268_CGCH4_Q143593_CL181.7_CGR3.51_K250_Poro0.150,309.15,8100000.0,0.15,250.0,CH4,-5.422415569041581,-5.422415569041581,5.422415569041581,318.5213259863118,90.83855474982911,90.83855474982911,2135.292420982894,43200.0,3.5064552365845625,181.67710949965823,143592.60030563604,5.422415569041581,250.0,0.15,8.1,36.0,1,15,15,131,Orrin_012_26
269,5,269,case269_CGN2_Q10601_CL109.8_CGR0.17_K307_Poro0.180,373.62,41400000.0,0.18,306.6,N2,-0.40033277760717695,-0.40033277760717695,0.40033277760717695,9.228315202451927,54.90894026174471,54.90894026174471,1107.4071204373463,43200.0,0.1680658041925703,109.81788052348942,10601.331416277442,0.40033277760717695,306.6,0.18,41.4,100.47,1,6,6,61,Fulmar_021_30
270,6,270,case270_CGH2_Q61338_CL63.1_CGR0.49_K100_Poro0.210,330.03215,13500000.0,0.21,100.0,H2,-2.316265466298351,-2.316265466298351,2.316265466298351,15.40506631492542,31.564180489533957,31.564180489533957,646.6886761056046,25397.228007056474,0.488055323344556,63.128360979067914,61337.71509562002,2.316265466298351,100.0,0.21,13.5,56.88215,0,3,3,14,Bunter Closure 4
271,6,271,case271_CGCH4_Q172913_CL317.9_CGR2.77_K100_Poro0.160,314.27,8900000.0,0.16,100.0,CH4,-6.529625914316129,-6.529625914316129,6.529625914316129,440.0722233661995,158.938454598593,158.938454598593,3618.8413153380598,43200.0,2.768821582401967,317.876909197186,172912.96694647145,6.529625914316129,100.0,0.16,8.9,41.12,0,9,9,17,Bunter Closure 42
272,6,272,case272_CGCH4_Q23001_CL276.2_CGR1.42_K330_Poro0.140,333.58,17300000.0,0.14,330.0,CH4,-0.8685853379874079,-0.8685853379874079,0.8685853379874079,195.94728499726364,138.0857936549979,138.0857936549979,2957.6631580972216,43200.0,1.419025663761114,276.1715873099958,23001.266811980346,0.8685853379874079,330.0,0.14,17.3,60.43,2,13,13,129,Nansen_210_25
273,6,273,case273_CGCO2_Q44390_CL32.2_CGR3.20_K307_Poro0.180,373.62,41400000.0,0.18,306.6,CO2,-1.6762815808212967,-1.6762815808212967,1.6762815808212967,51.59870278458896,16.108267586573426,16.108267586573426,373.76405451605746,14678.733777357893,3.2032434591288728,32.21653517314685,44390.11137560534,1.6762815808212967,306.6,0.18,41.4,100.47,1,6,6,61,Fulmar_021_30
274,6,274,case274_CGCO2_Q644503_CL255.7_CGR3.24_K330_Poro0.140,333.58,17300000.0,0.14,330.0,CO2,-24.338053274718895,-24.338053274718895,24.338053274718895,414.4406078448935,127.86206901262221,127.86206901262221,2971.681988097338,43200.0,3.241310038585259,255.72413802524443,644503.2313728936,24.338053274718895,330.0,0.14,17.3,60.43,2,13,13,129,Nansen_210_25
275,6,275,case275_CGCH4_Q69166_CL136.4_CGR1.41_K500_Poro0.230,367.69,30900000.0,0.23,500.0,CH4,-2.6118782342899913,-2.6118782342899913,2.6118782342899913,95.92177739724083,68.21590446508532,68.21590446508532,1460.2398666989473,43200.0,1.406149755682505,136.43180893017063,69165.92477431291,2.6118782342899913,500.0,0.23,30.9,94.54,3,17,17,86,Fulmar_030_29
276,6,276,case276_CGCH4_Q98366_CL197.0_CGR3.16_K100_Poro0.190,308.37,7300000.0,0.19,100.0,CH4,-3.714558588192066,-3.714558588192066,3.714558588192066,310.84801129245227,98.5219637581968,98.5219637581968,2281.2872864563883,43200.0,3.155113838934117,197.0439275163936,98366.33136556282,3.714558588192066,100.0,0.19,7.3,35.22,0,5,5,16,Bunter Closure 41
277,6,277,case277_CGCH4_Q490445_CL175.9_CGR1.83_K350_Poro0.140,318.9319,10300000.0,0.14,350.0,CH4,-18.520411292530273,-18.520411292530273,18.520411292530273,160.6329139567196,87.9419455584792,87.9419455584792,1919.4718251263039,43200.0,1.8265790338912016,175.8838911169584,490444.5228078192,18.520411292530273,350.0,0.14,10.3,45.7819,2,2,2,23,Bunter Sandstone Formation Zone 1
278,6,278,case278_CGCO2_Q461028_CL232.6_CGR3.01_K100_Poro0.160,314.27,8900000.0,0.16,100.0,CO2,-17.409566641386718,-17.409566641386718,17.409566641386718,350.094307624152,116.31300483384288,116.31300483384288,2676.3544043010097,43200.0,3.009932622102522,232.62600966768576,461027.9150317568,17.409566641386718,100.0,0.16,8.9,41.12,0,9,9,17,Bunter Closure 42
279,6,279,case279_CGH2_Q41089_CL354.2_CGR2.02_K271_Poro0.220,322.38,11500000.0,0.22,271.0,H2,-1.5516388510682844,-1.5516388510682844,1.5516388510682844,357.6967676427961,177.08783539184682,177.08783539184682,3899.453475479733,43200.0,2.019883335584916,354.17567078369365,41089.41015738588,1.5516388510682844,271.0,0.22,11.5,49.23,1,12,12,9,Bunter Closure 35
280,6,280,case280_CGN2_Q85371_CL288.6_CGR2.66_K250_Poro0.150,309.15,8100000.0,0.15,250.0,N2,-3.2238403448075252,-3.2238403448075252,3.2238403448075252,383.84814435050146,144.31259397673506,144.31259397673506,3270.100023885203,43200.0,2.6598381594636322,288.6251879534701,85371.47553280437,3.2238403448075252,250.0,0.15,8.1,36.0,1,15,15,131,Orrin_012_26
281,6,281,case281_CGH2_Q1285384_CL226.6_CGR0.68_K350_Poro0.140,318.9319,10300000.0,0.14,350.0,H2,-48.53932548393575,-48.53932548393575,48.53932548393575,77.15761996121488,113.31998074095563,113.31998074095563,2343.5572347803277,43200.0,0.6808827486265968,226.63996148191126,1285384.3226464281,48.53932548393575,350.0,0.14,10.3,45.7819,2,2,2,23,Bunter Sandstone Formation Zone 1
282,6,282,case282_CGCO2_Q12294_CL100.6_CGR0.89_K100_Poro0.140,285.4271,700000.0,0.14,100.0,CO2,-0.46423451630870494,-0.46423451630870494,0.46423451630870494,44.592469971628084,50.28441385902856,50.28441385902856,1050.2807471521994,41247.389342704555,0.8868050067490547,100.56882771805712,12293.532374940878,0.46423451630870494,100.0,0.14,0.7,12.2771,0,16,16,25,Bunter Sandstone Formation Zone 4
283,6,283,case283_CGH2_Q11058_CL183.1_CGR0.02_K307_Poro0.180,373.62,41400000.0,0.18,306.6,H2,-0.41758982345709567,-0.41758982345709567,0.41758982345709567,2.0505707846275105,91.52836694160054,91.52836694160054,1832.6179096166384,43200.0,0.022403664056804076,183.05673388320108,11058.320382842652,0.41758982345709567,306.6,0.18,41.4,100.47,1,6,6,61,Fulmar_021_30
284,6,284,case284_CGN2_Q45111_CL142.5_CGR1.95_K50_Poro0.150,332.26374999999996,14100000.0,0.15,50.0,N2,-1.7035024894118749,-1.7035024894118749,1.7035024894118749,138.9857628621183,71.26368345680618,71.26368345680618,1564.2594319982418,43200.0,1.9503028207398136,142.52736691361235,45110.95635648791,1.7035024894118749,50.0,0.15,14.1,59.11375,0,18,18,11,Bunter Closure 37
285,6,285,case285_CGH2_Q1116435_CL298.5_CGR1.21_K307_Poro0.180,359.45,29100000.0,0.18,306.6,H2,-42.15936346078478,-42.15936346078478,42.15936346078478,180.43747018884778,149.24854328849847,149.24854328849847,3165.408335958817,43200.0,1.2089730741295137,298.49708657699694,1116434.6497394182,42.15936346078478,306.6,0.18,29.1,86.3,1,8,8,59,Fulmar_021_28
286,6,286,case286_CGH2_Q27687_CL210.2_CGR2.97_K500_Poro0.230,367.69,30900000.0,0.23,500.0,H2,-1.0455231384357102,-1.0455231384357102,1.0455231384357102,312.1495874399096,105.09852616011585,105.09852616011585,2414.120110642227,43200.0,2.970066268715842,210.1970523202317,27686.809359436214,1.0455231384357102,500.0,0.23,30.9,94.54,3,17,17,86,Fulmar_030_29
287,6,287,case287_CGCH4_Q318180_CL280.2_CGR3.49_K500_Poro0.230,367.69,30900000.0,0.23,500.0,CH4,-12.015278794393277,-12.015278794393277,12.015278794393277,489.16890730976087,140.10518099436084,140.10518099436084,3291.2725271969775,43200.0,3.491440529450868,280.2103619887217,318180.17330402584,12.015278794393277,500.0,0.23,30.9,94.54,3,17,17,86,Fulmar_030_29
288,6,288,case288_CGH2_Q128633_CL157.3_CGR2.03_K100_Poro0.190,308.37,7300000.0,0.19,100.0,H2,-4.857490684546282,-4.857490684546282,4.857490684546282,159.24728421517864,78.63770537490181,78.63770537490181,1732.001391713215,43200.0,2.025075419685432,157.27541074980363,128632.65632694555,4.857490684546282,100.0,0.19,7.3,35.22,0,5,5,16,Bunter Closure 41
289,6,289,case289_CGH2_Q392444_CL333.3_CGR1.03_K350_Poro0.160,329.44345,13300000.0,0.16,350.0,H2,-14.819660571991646,-14.819660571991646,14.819660571991646,171.73085142638837,166.66994827051658,166.66994827051658,3505.12981683672,43200.0,1.0303648210633485,333.33989654103317,392443.8416945818,14.819660571991646,350.0,0.16,13.3,56.29345,2,19,19,24,Bunter Sandstone Formation Zone 2
290,7,290,case290_CGCH4_Q20068_CL168.4_CGR2.78_K50_Poro0.150,332.26374999999996,14100000.0,0.15,50.0,CH4,-0.7578330431956747,-0.7578330431956747,0.7578330431956747,233.78616910806602,84.21187782680174,84.21187782680174,1918.023725644101,43200.0,2.7761662029303418,168.42375565360348,20068.402335535906,0.7578330431956747,50.0,0.15,14.1,59.11375,0,18,18,11,Bunter Closure 37
291,7,291,case291_CGH2_Q24797_CL98.4_CGR2.42_K100_Poro0.210,330.03215,13500000.0,0.21,100.0,H2,-0.9364141010942548,-0.9364141010942548,0.9364141010942548,119.34996431104354,49.21852130067452,49.21852130067452,1103.7203903245338,43200.0,2.4248994312920957,98.43704260134903,24797.46047253902,0.9364141010942548,100.0,0.21,13.5,56.88215,0,3,3,14,Bunter Closure 4
292,7,292,case292_CGN2_Q17030_CL86.1_CGR3.88_K50_Poro0.150,332.26374999999996,14100000.0,0.15,50.0,N2,-0.6430895885172961,-0.6430895885172961,0.6430895885172961,166.78941330649553,43.040984496501515,43.040984496501515,1027.609103236526,40357.01205437993,3.875130070968814,86.08196899300303,17029.846766429557,0.6430895885172961,50.0,0.15,14.1,59.11375,0,18,18,11,Bunter Closure 37
293,7,293,case293_CGN2_Q38848_CL202.6_CGR3.71_K330_Poro0.140,333.58,17300000.0,0.14,330.0,N2,-1.4669962002326333,-1.4669962002326333,1.4669962002326333,375.44669481973943,101.2753918678537,101.2753918678537,2400.9545321768137,43200.0,3.707185801953058,202.5507837357074,38847.96293234381,1.4669962002326333,330.0,0.14,17.3,60.43,2,13,13,129,Nansen_210_25
294,7,294,case294_CGCO2_Q1317632_CL274.8_CGR2.10_K100_Poro0.290,308.51275,7300000.0,0.29,100.0,CO2,-49.757076662195914,-49.757076662195914,49.757076662195914,288.88986242641386,137.40785826992405,137.40785826992405,3037.047027824895,43200.0,2.1024260625539952,274.8157165398481,1317631.9539806927,49.757076662195914,100.0,0.29,7.3,35.36275,0,7,7,3,Bunter Closure 1
295,7,295,case295_CGH2_Q631193_CL133.8_CGR1.31_K100_Poro0.160,314.27,8900000.0,0.16,100.0,H2,-23.83541026007546,-23.83541026007546,23.83541026007546,87.67990981126032,66.88266844910981,66.88266844910981,1425.3332787934567,43200.0,1.3109511304557901,133.76533689821963,631192.5921238122,23.83541026007546,100.0,0.16,8.9,41.12,0,9,9,17,Bunter Closure 42
296,7,296,case296_CGCO2_Q11720_CL132.9_CGR1.20_K100_Poro0.160,314.27,8900000.0,0.16,100.0,CO2,-0.44257493278543714,-0.44257493278543714,0.44257493278543714,79.53525116091731,66.42971871223882,66.42971871223882,1408.1296254056938,43200.0,1.1972841779663288,132.85943742447765,11719.958498124783,0.44257493278543714,100.0,0.16,8.9,41.12,0,9,9,17,Bunter Closure 42
297,7,297,case297_CGN2_Q30126_CL43.3_CGR3.26_K330_Poro0.140,333.58,17300000.0,0.14,330.0,N2,-1.1376197042879392,-1.1376197042879392,1.1376197042879392,70.669669111912,21.656497542379128,21.656497542379128,503.7996199594946,19785.58507477288,3.2632086039591615,43.312995084758256,30125.645926195015,1.1376197042879392,330.0,0.14,17.3,60.43,2,13,13,129,Nansen_210_25
298,7,298,case298_CGCO2_Q24953_CL311.0_CGR0.85_K330_Poro0.140,333.58,17300000.0,0.14,330.0,CO2,-0.9422847023478264,-0.9422847023478264,0.9422847023478264,131.53050753377573,155.51475634577682,155.51475634577682,3241.825634449312,43200.0,0.8457750931450281,311.02951269155363,24952.921611329395,0.9422847023478264,330.0,0.14,17.3,60.43,2,13,13,129,Nansen_210_25
299,7,299,case299_CGCO2_Q36354_CL251.8_CGR2.79_K500_Poro0.230,367.69,30900000.0,0.23,500.0,CO2,-1.3728173485960602,-1.3728173485960602,1.3728173485960602,351.05336850921947,125.92379608666026,125.92379608666026,2869.529290242425,43200.0,2.7878239015890682,251.84759217332052,36353.98473607574,1.3728173485960602,500.0,0.23,30.9,94.54,3,17,17,86,Fulmar_030_29
300,7,300,case300_CGN2_Q13046_CL300.2_CGR2.88_K271_Poro0.220,322.38,11500000.0,0.22,271.0,N2,-0.4926415427055105,-0.4926415427055105,0.4926415427055105,432.282527455169,150.11693661621106,150.11693661621106,3434.62125977939,43200.0,2.8796386150640845,300.2338732324221,13045.787294419344,0.4926415427055105,271.0,0.22,11.5,49.23,1,12,12,9,Bunter Closure 35
301,7,301,case301_CGCH4_Q10675_CL261.1_CGR0.12_K100_Poro0.210,330.03215,13500000.0,0.21,100.0,CH4,-0.4031164100084763,-0.4031164100084763,0.4031164100084763,16.030907108433492,130.5662743459799,130.5662743459799,2627.3563940280314,43200.0,0.12277984639397868,261.1325486919598,10675.04561425955,0.4031164100084763,100.0,0.21,13.5,56.88215,0,3,3,14,Bunter Closure 4
302,7,302,case302_CGH2_Q62899_CL268.7_CGR1.44_K1.6e03_Poro0.230,354.44,29700000.0,0.23,1600.0,H2,-2.3752306383834028,-2.3752306383834028,2.3752306383834028,193.2274045082213,134.3741470820156,134.3741470820156,2880.7103461485335,43200.0,1.4379805096756033,268.7482941640312,62899.189364671365,2.3752306383834028,1600.0,0.23,29.7,81.29,3,14,14,54,Fulmar_021_16
303,7,303,case303_CGN2_Q21253_CL203.7_CGR3.76_K50_Poro0.150,332.26374999999996,14100000.0,0.15,50.0,N2,-0.8025483207826294,-0.8025483207826294,0.8025483207826294,383.06606142479853,101.85255395303486,101.85255395303486,2420.117140485496,43200.0,3.760986313621883,203.7051079060697,21252.52090784851,0.8025483207826294,50.0,0.15,14.1,59.11375,0,18,18,11,Bunter Closure 37
304,7,304,case304_CGCH4_Q154374_CL94.7_CGR2.79_K100_Poro0.160,314.27,8900000.0,0.16,100.0,CH4,-5.829544721239139,-5.829544721239139,5.829544721239139,132.26488502097655,47.370416418503986,47.370416418503986,1079.6732133910564,42401.71165317603,2.7921410665351636,94.74083283700797,154373.90853993085,5.829544721239139,100.0,0.16,8.9,41.12,0,9,9,17,Bunter Closure 42
305,7,305,case305_CGCO2_Q464612_CL293.3_CGR1.61_K307_Poro0.180,359.45,29100000.0,0.18,306.6,CO2,-17.544912194085747,-17.544912194085747,17.544912194085747,236.86154483341198,146.6727904286835,146.6727904286835,3170.317353407082,43200.0,1.6148976517125775,293.345580857367,464612.0408893941,17.544912194085747,306.6,0.18,29.1,86.3,1,8,8,59,Fulmar_021_28
306,7,306,case306_CGH2_Q1299678_CL71.9_CGR0.29_K100_Poro0.140,330.71,13700000.0,0.14,100.0,H2,-49.079072656722275,-49.079072656722275,49.079072656722275,10.322530366758588,35.93893271282337,35.93893271282337,729.101184623226,28633.79197793033,0.2872241768903562,71.87786542564675,1299677.5281488851,49.079072656722275,100.0,0.14,13.7,57.56,0,1,1,22,Bunter Closure 7
307,7,307,case307_CGH2_Q12116_CL216.4_CGR3.28_K250_Poro0.150,309.15,8100000.0,0.15,250.0,H2,-0.45753395076924425,-0.45753395076924425,0.45753395076924425,355.3660727619538,108.22251858114386,108.22251858114386,2519.816444384831,43200.0,3.283661084781582,216.44503716228772,12116.092704912127,0.45753395076924425,250.0,0.15,8.1,36.0,1,15,15,131,Orrin_012_26
308,7,308,case308_CGCO2_Q1131125_CL78.4_CGR2.13_K1.6e03_Poro0.230,380.03,50700000.0,0.23,1600.0,CO2,-42.71411590455426,-42.71411590455426,42.71411590455426,83.37393455884579,39.20310732848553,39.20310732848553,867.4360811285565,34066.580640685126,2.126717503800142,78.40621465697106,1131125.2142880969,42.71411590455426,1600.0,0.23,50.7,106.88,3,10,10,58,Fulmar_021_25
309,7,309,case309_CGH2_Q647370_CL302.8_CGR1.35_K1.6e03_Poro0.230,354.44,29700000.0,0.23,1600.0,H2,-24.44629677498466,-24.44629677498466,24.44629677498466,203.81174794695457,151.40693602111853,151.40693602111853,3231.9504683693253,43200.0,1.3461189645798428,302.81387204223705,647369.6597149197,24.44629677498466,1600.0,0.23,29.7,81.29,3,14,14,54,Fulmar_021_16
310,8,310,case310_CGCH4_Q114986_CL218.7_CGR0.86_K1.6e03_Poro0.230,380.03,50700000.0,0.23,1600.0,CH4,-4.342150615152572,-4.342150615152572,4.342150615152572,94.13429545429882,109.36169032438201,109.36169032438201,2281.368101941939,43200.0,0.8607611602845877,218.72338064876402,114985.78259258713,4.342150615152572,1600.0,0.23,50.7,106.88,3,10,10,58,Fulmar_021_25
311,8,311,case311_CGCH4_Q215185_CL80.1_CGR1.24_K307_Poro0.180,373.62,41400000.0,0.18,306.6,CH4,-8.125929450791444,-8.125929450791444,8.125929450791444,49.62533848189689,40.07390410132623,40.07390410132623,851.1034205084214,33425.152514512556,1.2383454917798877,80.14780820265246,215185.15592959797,8.125929450791444,306.6,0.18,41.4,100.47,1,6,6,61,Fulmar_021_30
312,8,312,case312_CGCO2_Q57218_CL242.8_CGR0.15_K307_Poro0.180,359.45,29100000.0,0.18,306.6,CO2,-2.160702278969777,-2.160702278969777,2.160702278969777,18.551187442735774,121.38364997655727,121.38364997655727,2446.224186973881,43200.0,0.15283102334061097,242.76729995311453,57218.2000389216,2.160702278969777,306.6,0.18,29.1,86.3,1,8,8,59,Fulmar_021_28
313,8,313,case313_CGH2_Q692686_CL321.3_CGR0.59_K307_Poro0.180,359.45,29100000.0,0.18,306.6,H2,-26.157546333504353,-26.157546333504353,26.157546333504353,94.01406539589729,160.64514652628588,160.64514652628588,3306.916995921615,43200.0,0.5852281717114562,321.29029305257177,692685.7685138524,26.157546333504353,306.6,0.18,29.1,86.3,1,8,8,59,Fulmar_021_28
314,8,314,case314_CGH2_Q259226_CL41.1_CGR3.69_K271_Poro0.220,322.38,11500000.0,0.22,271.0,H2,-9.789012304609987,-9.789012304609987,9.789012304609987,75.85608928557414,20.5438376561102,20.5438376561102,486.7328424077781,19115.326174560014,3.6924011256004468,41.0876753122204,259225.74788771893,9.789012304609987,271.0,0.22,11.5,49.23,1,12,12,9,Bunter Closure 35
315,8,315,case315_CGH2_Q222900_CL72.5_CGR2.96_K307_Poro0.180,373.62,41400000.0,0.18,306.6,H2,-8.417243812895862,-8.417243812895862,8.417243812895862,107.2978184053336,36.234703934331066,36.234703934331066,831.9918970919549,32674.590867611318,2.9611893228047825,72.46940786866213,222899.5382428563,8.417243812895862,306.6,0.18,41.4,100.47,1,6,6,61,Fulmar_021_30
316,8,316,case316_CGN2_Q47806_CL349.3_CGR1.56_K1.6e03_Poro0.230,368.15999999999997,34800000.0,0.23,1600.0,N2,-1.8052904427386645,-1.8052904427386645,1.8052904427386645,271.72613880723776,174.65889792684646,174.65889792684646,3764.9040973441674,43200.0,1.5557531968456975,349.3177958536929,47806.43343895834,1.8052904427386645,1600.0,0.23,34.8,95.01,3,4,4,55,Fulmar_021_18
317,8,317,case317_CGCO2_Q52123_CL23.0_CGR2.57_K470_Poro0.220,352.85999999999996,23880000.0,0.22,470.0,CO2,-1.9682929809576428,-1.9682929809576428,1.9682929809576428,29.550143076785037,11.4770764279559,11.4770764279559,259.091671635903,10175.236558791827,2.5747099674971845,22.9541528559118,52122.952160414236,1.9682929809576428,470.0,0.22,23.88,79.71,3,0,0,147,Statfjord_009_24
318,8,318,case318_CGN2_Q19582_CL231.7_CGR1.08_K100_Poro0.190,308.37,7300000.0,0.19,100.0,N2,-0.7394656677995554,-0.7394656677995554,0.7394656677995554,125.32360392090655,115.84931592115944,115.84931592115944,2442.3099223440954,43200.0,1.0817811302933784,231.6986318423189,19582.010401841915,0.7394656677995554,100.0,0.19,7.3,35.22,0,5,5,16,Bunter Closure 41
319,8,319,case319_CGCO2_Q16920_CL327.4_CGR2.37_K470_Poro0.220,352.85999999999996,23880000.0,0.22,470.0,CO2,-0.6389596805801326,-0.6389596805801326,0.6389596805801326,388.3162567613976,163.72479662165534,163.72479662165534,3662.8121891945043,43200.0,2.3717620346705397,327.4495932433107,16920.481445352732,0.6389596805801326,470.0,0.22,23.88,79.71,3,0,0,147,Statfjord_009_24
320,8,320,case320_CGCO2_Q53025_CL329.6_CGR1.45_K100_Poro0.140,285.4271,700000.0,0.14,100.0,CO2,-2.002349929741766,-2.002349929741766,2.002349929741766,239.77141102495116,164.7974683572711,164.7974683572711,3535.7207781703733,43200.0,1.4549459613368636,329.5949367145422,53024.824355955396,2.002349929741766,100.0,0.14,0.7,12.2771,0,16,16,25,Bunter Sandstone Formation Zone 4
321,8,321,case321_CGCH4_Q108461_CL204.3_CGR0.21_K307_Poro0.180,359.45,29100000.0,0.18,306.6,CH4,-4.0957483556530825,-4.0957483556530825,4.0957483556530825,21.667887897912777,102.13776034973816,102.13776034973816,2064.423094892676,43200.0,0.2121437539233092,204.27552069947632,108460.73103351425,4.0957483556530825,306.6,0.18,29.1,86.3,1,8,8,59,Fulmar_021_28
322,8,322,case322_CGCH4_Q14208_CL91.8_CGR2.28_K330_Poro0.140,333.58,17300000.0,0.14,330.0,CH4,-0.5365260146142589,-0.5365260146142589,0.5365260146142589,104.8238037160048,45.903584515923754,45.903584515923754,1022.8954940344798,40171.89576571775,2.2835646675836805,91.80716903184751,14207.905054333236,0.5365260146142589,330.0,0.14,17.3,60.43,2,13,13,129,Nansen_210_25
323,8,323,case323_CGH2_Q12635_CL325.5_CGR0.60_K50_Poro0.150,332.26374999999996,14100000.0,0.15,50.0,H2,-0.4771394260087626,-0.4771394260087626,0.4771394260087626,97.61394702643302,162.75513220324956,162.75513220324956,3352.716591091424,43200.0,0.5997595633699105,325.5102644064991,12635.271128997352,0.4771394260087626,50.0,0.15,14.1,59.11375,0,18,18,11,Bunter Closure 37
324,8,324,case324_CGCO2_Q544507_CL16.2_CGR2.09_K350_Poro0.140,318.9319,10300000.0,0.14,350.0,CO2,-20.561929060784326,-20.561929060784326,20.561929060784326,16.854815288153677,8.082186208922153,8.082186208922153,178.49853946659672,7010.124459051799,2.0854277360681412,16.164372417844305,544506.5623511241,20.561929060784326,350.0,0.14,10.3,45.7819,2,2,2,23,Bunter Sandstone Formation Zone 1
325,8,325,case325_CGCH4_Q141476_CL180.7_CGR0.48_K470_Poro0.220,352.85999999999996,23880000.0,0.22,470.0,CH4,-5.342473987427455,-5.342473987427455,5.342473987427455,43.0903688733972,90.37478003967176,90.37478003967176,1850.5859696668324,43200.0,0.47679639003803775,180.74956007934352,141475.6434936102,5.342473987427455,470.0,0.22,23.88,79.71,3,0,0,147,Statfjord_009_24
326,8,326,case326_CGCH4_Q1433401_CL229.4_CGR3.35_K250_Poro0.150,309.15,8100000.0,0.15,250.0,CH4,-54.128800341786494,-54.128800341786494,54.128800341786494,384.45562391288206,114.69127913044002,114.69127913044002,2678.2812065216826,43200.0,3.3520911688118433,229.38255826088005,1433400.8696931212,54.128800341786494,250.0,0.15,8.1,36.0,1,15,15,131,Orrin_012_26
327,8,327,case327_CGH2_Q63327_CL105.4_CGR1.85_K350_Poro0.140,318.9319,10300000.0,0.14,350.0,H2,-2.39140470259765,-2.39140470259765,2.39140470259765,97.65190017691944,52.720693263911244,52.720693263911244,1152.0657654551444,43200.0,1.8522499256238885,105.44138652782249,63327.49957226481,2.39140470259765,350.0,0.14,10.3,45.7819,2,2,2,23,Bunter Sandstone Formation Zone 1
328,8,328,case328_CGH2_Q50123_CL224.0_CGR3.22_K100_Poro0.140,285.4271,700000.0,0.14,100.0,H2,-1.8927653396933541,-1.8927653396933541,1.8927653396933541,360.7075328414573,111.97684628374596,111.97684628374596,2600.244458516376,43200.0,3.2212689034609463,223.9536925674919,50122.882216308615,1.8927653396933541,100.0,0.14,0.7,12.2771,0,16,16,25,Bunter Sandstone Formation Zone 4
329,8,329,case329_CGH2_Q298656_CL312.8_CGR3.58_K100_Poro0.140,285.4271,700000.0,0.14,100.0,H2,-11.2780116393671,-11.2780116393671,11.2780116393671,559.5643840500111,156.40581630943944,156.40581630943944,3687.6807102387997,43200.0,3.577644343756033,312.8116326188789,298656.3823731771,11.2780116393671,100.0,0.14,0.7,12.2771,0,16,16,25,Bunter Sandstone Formation Zone 4
330,9,330,case330_CGH2_Q53513_CL278.8_CGR0.79_K470_Poro0.220,352.85999999999996,23880000.0,0.22,470.0,H2,-2.0207717374824123,-2.0207717374824123,2.0207717374824123,110.64641056515472,139.41445565675454,139.41445565675454,2898.9355237002455,43200.0,0.793650916929101,278.8289113135091,53512.657728762984,2.0207717374824123,470.0,0.22,23.88,79.71,3,0,0,147,Statfjord_009_24
331,9,331,case331_CGCH4_Q897858_CL56.9_CGR3.59_K100_Poro0.210,330.03215,13500000.0,0.21,100.0,CH4,-33.90534936493057,-33.90534936493057,33.90534936493057,102.04876186748844,28.437752056051295,28.437752056051295,670.8038029885143,26344.2948082762,3.5884960831766373,56.87550411210259,897857.6462080257,33.90534936493057,100.0,0.21,13.5,56.88215,0,3,3,14,Bunter Closure 4
332,9,332,case332_CGCH4_Q21495_CL263.9_CGR2.99_K100_Poro0.140,330.71,13700000.0,0.14,100.0,CH4,-0.811704003753977,-0.811704003753977,0.811704003753977,394.8169278338966,131.95518962082207,131.95518962082207,3033.9207202503376,43200.0,2.9920530520127104,263.91037924164414,21494.975273193697,0.811704003753977,100.0,0.14,13.7,57.56,0,1,1,22,Bunter Closure 7
333,9,333,case333_CGCO2_Q506796_CL294.8_CGR1.73_K271_Poro0.220,322.38,11500000.0,0.22,271.0,CO2,-19.137877617629446,-19.137877617629446,19.137877617629446,255.30827997832725,147.3782158496044,147.3782158496044,3202.8725969704155,43200.0,1.732333903667708,294.7564316992088,506795.83231061086,19.137877617629446,271.0,0.22,11.5,49.23,1,12,12,9,Bunter Closure 35
334,9,334,case334_CGN2_Q205967_CL33.5_CGR3.53_K100_Poro0.210,330.03215,13500000.0,0.21,100.0,N2,-7.7778273109362495,-7.7778273109362495,7.7778273109362495,59.22989984331921,16.77453332473469,16.77453332473469,394.72056633801304,15501.753150729239,3.5309417374957586,33.54906664946938,205966.959574611,7.7778273109362495,100.0,0.21,13.5,56.88215,0,3,3,14,Bunter Closure 4
335,9,335,case335_CGCH4_Q29105_CL238.0_CGR3.61_K271_Poro0.220,322.38,11500000.0,0.22,271.0,CH4,-1.099092327051568,-1.099092327051568,1.099092327051568,429.0352908150829,118.9964297899956,118.9964297899956,2808.963886614995,43200.0,3.605446748043135,237.9928595799912,29105.390984483758,1.099092327051568,271.0,0.22,11.5,49.23,1,12,12,9,Bunter Closure 35
336,9,336,case336_CGN2_Q456429_CL81.1_CGR0.23_K100_Poro0.160,314.27,8900000.0,0.16,100.0,N2,-17.235901032867194,-17.235901032867194,17.235901032867194,9.514192442095911,40.53415410001563,40.53415410001563,820.1972744424085,32211.383869010948,0.23472038959096578,81.06830820003125,456429.02437251754,17.235901032867194,100.0,0.16,8.9,41.12,0,9,9,17,Bunter Closure 42
337,9,337,case337_CGCO2_Q243073_CL95.8_CGR3.86_K1.6e03_Poro0.230,354.44,29700000.0,0.23,1600.0,CO2,-9.179033986972033,-9.179033986972033,9.179033986972033,184.72559670452102,47.901052825561585,47.901052825561585,1142.7466532157528,43200.0,3.8563995112430045,95.80210565112317,243072.73053881584,9.179033986972033,1600.0,0.23,29.7,81.29,3,14,14,54,Fulmar_021_16
338,9,338,case338_CGH2_Q238864_CL277.1_CGR3.43_K100_Poro0.140,330.71,13700000.0,0.14,100.0,H2,-9.020093600654755,-9.020093600654755,9.020093600654755,475.90432992486865,138.56279033906148,138.56279033906148,3247.1601367060985,43200.0,3.4345752475129614,277.12558067812296,238863.78287069857,9.020093600654755,100.0,0.14,13.7,57.56,0,1,1,22,Bunter Closure 7
339,9,339,case339_CGH2_Q14366_CL271.6_CGR2.59_K100_Poro0.190,308.37,7300000.0,0.19,100.0,H2,-0.5425122038721372,-0.5425122038721372,0.5425122038721372,351.5125501897922,135.80287093728109,135.80287093728109,3067.569968935414,43200.0,2.5884029384926186,271.60574187456217,14366.42711346275,0.5425122038721372,100.0,0.19,7.3,35.22,0,5,5,16,Bunter Closure 41
340,9,340,case340_CGN2_Q20805_CL290.8_CGR3.46_K1.6e03_Poro0.230,368.15999999999997,34800000.0,0.23,1600.0,N2,-0.785666028964919,-0.785666028964919,0.785666028964919,503.6123737843918,145.3818838647581,145.3818838647581,3411.2500510795535,43200.0,3.4640655382680188,290.7637677295162,20805.455914330854,0.785666028964919,1600.0,0.23,34.8,95.01,3,4,4,55,Fulmar_021_18
341,9,341,case341_CGCO2_Q76830_CL213.6_CGR2.23_K1.6e03_Poro0.230,368.15999999999997,34800000.0,0.23,1600.0,CO2,-2.9013035010204407,-2.9013035010204407,2.9013035010204407,238.12661099591446,106.80334150270079,106.80334150270079,2374.19344104993,43200.0,2.2295801577508962,213.60668300540158,76830.28139080941,2.9013035010204407,1600.0,0.23,34.8,95.01,3,4,4,55,Fulmar_021_18
342,9,342,case342_CGN2_Q301975_CL315.6_CGR3.63_K307_Poro0.180,359.45,29100000.0,0.18,306.6,N2,-11.403315205933358,-11.403315205933358,11.403315205933358,572.2024395054689,157.80141624351666,157.80141624351666,3728.230764375802,43200.0,3.6260919142985073,315.6028324870333,301974.5834077023,11.403315205933358,306.6,0.18,29.1,86.3,1,8,8,59,Fulmar_021_28
343,9,343,case343_CGCH4_Q382331_CL342.8_CGR2.54_K1.6e03_Poro0.230,368.15999999999997,34800000.0,0.23,1600.0,CH4,-14.437787157140974,-14.437787157140974,14.437787157140974,435.10997180626094,171.4218015555479,171.4218015555479,3863.5460029172186,43200.0,2.538241739719828,342.8436031110958,382331.33815666265,14.437787157140974,1600.0,0.23,34.8,95.01,3,4,4,55,Fulmar_021_18
344,9,344,case344_CGCH4_Q10253_CL337.0_CGR3.12_K100_Poro0.210,330.03215,13500000.0,0.21,100.0,CH4,-0.3871705465153261,-0.3871705465153261,0.3871705465153261,525.1317586699682,168.49261269925478,168.49261269925478,3894.984012655064,43200.0,3.1166455920965777,336.98522539850956,10252.77845787027,0.3871705465153261,100.0,0.21,13.5,56.88215,0,3,3,14,Bunter Closure 4
345,9,345,case345_CGCO2_Q1195438_CL228.6_CGR3.56_K271_Poro0.220,322.38,11500000.0,0.22,271.0,CO2,-45.1427287463684,-45.1427287463684,45.1427287463684,406.48438540648874,114.28583078591166,114.28583078591166,2692.201001124722,43200.0,3.556734746654152,228.5716615718233,1195438.0336674848,45.1427287463684,271.0,0.22,11.5,49.23,1,12,12,9,Bunter Closure 35
346,9,346,case346_CGH2_Q932446_CL221.7_CGR1.87_K271_Poro0.220,322.38,11500000.0,0.22,271.0,H2,-35.21147683702861,-35.21147683702861,35.21147683702861,207.43330582082714,110.85184173657238,110.85184173657238,2424.4701405522746,43200.0,1.871266210567528,221.70368347314476,932445.5964787451,35.21147683702861,271.0,0.22,11.5,49.23,1,12,12,9,Bunter Closure 35
347,9,347,case347_CGCO2_Q425759_CL304.2_CGR2.33_K100_Poro0.140,330.71,13700000.0,0.14,100.0,CO2,-16.07770828753641,-16.07770828753641,16.07770828753641,354.4614781798193,152.08391327384157,152.08391327384157,3396.1397436566504,43200.0,2.330696722286319,304.16782654768315,425758.57762426767,16.07770828753641,100.0,0.14,13.7,57.56,0,1,1,22,Bunter Closure 7
348,9,348,case348_CGN2_Q917800_CL340.2_CGR1.51_K100_Poro0.140,285.4271,700000.0,0.14,100.0,N2,-34.65844126444899,-34.65844126444899,34.65844126444899,256.92259742728265,170.1003820582222,170.1003820582222,3658.9302385917267,43200.0,1.5104175212219264,340.2007641164444,917800.4969069576,34.65844126444899,100.0,0.14,0.7,12.2771,0,16,16,25,Bunter Sandstone Formation Zone 4
349,9,349,case349_CGCO2_Q34378_CL33.8_CGR3.42_K330_Poro0.140,333.58,17300000.0,0.14,330.0,CO2,-1.2982092926519864,-1.2982092926519864,1.2982092926519864,57.75326409104441,16.87691872910996,16.87691872910996,395.2916386732436,15524.180718803747,3.422026556982191,33.75383745821992,34378.26660448821,1.2982092926519864,330.0,0.14,17.3,60.43,2,13,13,129,Nansen_210_25
