flow_rate_sm3_day,cycle_length_days,cg_ratio,cg_type,permeability_md,porosity,pressure_mpa,temperature_c,reservoir_stratum,reservoir_cluster,representative_id,source_row_index,source_field_name
1267908.5801103998,62.12990733529406,2.1931312166407086,CH4,500.0,0.23,83.0,165.09,4,34,34,81,Fulmar_030_06
50859.33501781672,338.9598875017829,3.5921950211869063,H2,500.0,0.23,72.9,145.1,4,9,9,82,Fulmar_030_08
20625.13049071009,173.50418285769558,3.6789750909385956,N2,500.0,0.23,83.0,165.09,4,34,34,81,Fulmar_030_06
526628.2051897609,359.8256997869887,2.856585880089211,CO2,5.03,0.13,73.8,153.48,0,3,3,138,Skagerrak_022_15
39214.50943601276,153.12042134748387,0.26045268640938135,H2,1600.0,0.23,48.9,122.61,4,2,2,57,Fulmar_021_24
112781.84241602445,76.79068147951489,1.6794894619511664,N2,100.0,0.15,8.3,38.97,2,16,16,18,Bunter Closure 46
775527.841197473,184.1425715918163,1.5219352980793168,N2,5.03,0.13,73.8,153.48,0,3,3,138,Skagerrak_022_15
1211023.2036216995,87.02856998687477,0.8328550310294225,CH4,40.0,0.16,39.79,94.46,2,30,30,49,Cormorant_211_23
137051.61345887234,286.94136362708787,0.9722662319701838,H2,30.0,0.17,80.8,141.34,1,23,23,100,Joanne_030_06
25384.132860846392,48.99168877656858,0.4025356083740604,CH4,306.6,0.18,75.9,149.3,3,11,11,76,Fulmar_029_02
233182.60642630266,308.1608081678312,3.1253933971348946,CO2,0.5,0.13,82.3,168.96,0,20,20,108,Judy_029_02
371129.58909715136,25.604371820484385,1.2864842291273257,CH4,100.0,0.15,8.3,38.97,2,16,16,18,Bunter Closure 46
626449.3138282653,27.706055141789395,1.7581847252075928,CO2,400.0,0.15,76.0,132.9,4,32,32,50,Darwin_009_14
15750.16990395932,172.34511935295163,1.0093385744315373,CO2,15.0,0.14,18.7,75.01,1,8,8,19,Bunter Closure 49
1416715.5635173284,334.5947186177498,3.6093419215888383,N2,100.0,0.29,7.3,35.36275,2,26,26,3,Bunter Closure 1
148452.25485535624,118.32599017792081,3.045693375168558,H2,15.0,0.14,18.7,75.01,1,8,8,19,Bunter Closure 49
75949.11300296152,105.16189375650626,0.062400734380199135,CO2,0.5,0.13,82.3,168.96,0,20,20,108,Judy_029_02
13238.203978889254,38.7195790869935,1.4106811931472636,CO2,5.0,0.15,8.1,36.0,0,25,25,88,Hopeman_012_24
176200.59647934232,209.3099282202226,3.412328673795693,CH4,17.5,0.17,59.4,141.16,1,12,12,73,Fulmar_023_27
940623.0083950759,155.00386250731438,2.0150837594117124,H2,30.0,0.17,80.8,141.34,1,23,23,100,Joanne_030_06
19833.144773846776,130.20129046328753,0.9314781111481505,H2,0.5,0.13,35.4,107.6,0,4,4,107,Judy_028_05
738089.5696807115,347.7064277393595,2.211571364794736,H2,15.0,0.07,18.0,72.58105,1,15,15,7,Bunter Closure 14
28767.198844810904,239.12862703116005,2.9197534573234565,N2,43.0,0.12,56.44,125.59,2,35,35,144,Statfjord_003_14
16106.607928027759,162.67336155968067,1.356731770850203,CO2,5.03,0.13,73.8,153.48,0,3,3,138,Skagerrak_022_15
498872.0798389468,96.67177448092254,0.4555335780664875,N2,30.0,0.17,80.8,141.34,1,23,23,100,Joanne_030_06
48575.827071408494,230.71189718204775,2.234704667882185,N2,0.5,0.13,97.2,187.89,0,7,7,109,Judy_029_03
42953.08308376857,138.4057034572073,2.338685491677381,H2,500.0,0.23,32.5,99.65,4,27,27,84,Fulmar_030_17
280225.7942296768,96.96655768996445,1.6306642166407384,N2,400.0,0.15,76.0,132.9,4,32,32,50,Darwin_009_14
45402.59890355638,221.02678640173548,1.7782211251952282,H2,330.0,0.14,46.2,101.78,3,13,13,127,Nansen_003_02
951114.6512666238,150.7767872111184,1.9239916417991731,CH4,5.03,0.13,46.5,123.02,0,17,17,137,Skagerrak_022_08b
699298.3404810441,353.2791830966954,1.2924307497954077,CO2,15.0,0.07,18.0,72.58105,1,15,15,7,Bunter Closure 14
748397.6090892361,175.2483385134182,2.2669577392550493,CO2,350.0,0.14,10.3,45.7819,3,0,0,23,Bunter Sandstone Formation Zone 1
27142.10819044085,268.0624697566401,3.407055952783036,N2,5.03,0.13,46.5,123.02,0,17,17,137,Skagerrak_022_08b
411932.01146951807,351.02417635512325,2.834402342929514,CO2,500.0,0.23,32.5,99.65,4,27,27,84,Fulmar_030_17
772129.4161263398,277.2716381831019,3.5457699927682738,CO2,330.0,0.14,46.2,101.78,3,13,13,127,Nansen_003_02
40788.49659119743,155.48854822549507,1.2618220675052387,H2,30.0,0.17,75.6,176.22,1,33,33,101,Joanne_030_08
59466.03431936615,245.7283731176262,2.324353789681331,N2,17.5,0.17,96.6,160.14,1,5,5,63,Fulmar_022_03
1482034.638613299,250.35921844984625,0.37136624344846486,N2,100.0,0.15,8.3,38.97,2,16,16,18,Bunter Closure 46
49611.21411549627,177.66665677256714,3.5139318437613185,CH4,0.5,0.13,35.4,107.6,0,4,4,107,Judy_028_05
334568.33091855905,47.39267068607788,1.0909815292743803,H2,40.0,0.16,66.75,103.5,2,31,31,37,Cormorant_003_25
581358.4661972242,120.94980768570852,1.3353244454308808,N2,500.0,0.23,83.0,165.09,4,34,34,81,Fulmar_030_06
152049.14249657153,156.47678684994895,0.7640480734460439,CH4,500.0,0.23,32.5,99.65,4,27,27,84,Fulmar_030_17
95974.89217918842,274.34054401941603,1.6951727762582196,CO2,0.5,0.13,54.1,143.53,0,21,21,116,Judy_029_14b
193058.30502000445,282.0442437360871,0.18459903905298564,CO2,17.5,0.17,59.4,141.16,1,12,12,73,Fulmar_023_27
300063.5009438915,259.4564973972166,0.8512726760681487,CO2,40.0,0.16,48.97,117.06,2,1,1,46,Cormorant_211_12
218964.12648522516,319.3990914323045,0.7081415725044568,CO2,30.0,0.17,75.6,176.22,1,33,33,101,Joanne_030_08
228468.60060285433,341.0739235400544,3.620106733353295,H2,5.0,0.19,27.9,92.69,0,28,28,0,Auk_029_15
22183.953949746894,334.8576458286076,1.4274261755809914,CH4,75.0,0.2,66.19,101.8,2,36,36,90,Hugin_009_14
74598.13566503477,74.88658308450948,2.6373474480212593,CH4,5.0,0.15,8.1,36.0,0,25,25,88,Hopeman_012_24
288447.8224676879,166.02588415486588,2.8958271033609573,N2,306.6,0.18,75.9,149.3,3,11,11,76,Fulmar_029_02
730281.210897357,271.7068951381685,3.5268780072880115,CH4,75.0,0.2,66.19,101.8,2,36,36,90,Hugin_009_14
180040.1977644897,71.48777982972291,2.9226220792556816,CH4,30.0,0.17,75.6,176.22,1,33,33,101,Joanne_030_08
1176020.5151093518,303.4630853104463,3.722184043085705,H2,306.6,0.18,75.9,149.3,3,11,11,76,Fulmar_029_02
344609.5567923087,319.2943658559389,1.6486719052388992,CH4,17.5,0.17,59.4,141.16,1,12,12,73,Fulmar_023_27
79414.50768942389,31.523736385564323,2.547561180244868,CO2,75.0,0.2,66.19,101.8,2,36,36,90,Hugin_009_14
91246.87820367633,225.42148760032103,2.8095339882234858,H2,0.5,0.13,82.3,168.96,0,20,20,108,Judy_029_02
178668.63475011746,51.941064624661045,0.3096726572948791,CO2,100.0,0.21,13.5,56.88215,2,10,10,14,Bunter Closure 4
263585.8307853712,46.112312506421546,3.8005116514396082,N2,1600.0,0.23,48.9,122.61,4,2,2,57,Fulmar_021_24
555275.8511560174,178.93847274518657,0.7725192235199756,H2,17.5,0.17,59.4,141.16,1,12,12,73,Fulmar_023_27
26435.947894065965,166.41004255908905,3.8180111358443445,N2,100.0,0.21,13.5,56.88215,2,10,10,14,Bunter Closure 4
252277.23467209275,214.1448004589321,3.8998491331169083,H2,306.6,0.18,75.9,149.3,3,11,11,76,Fulmar_029_02
435911.0000679731,256.35004727265806,1.0507067098946579,N2,0.5,0.13,97.2,187.89,0,7,7,109,Judy_029_03
52581.8753582354,165.5656843990208,1.162025683109208,CH4,5.03,0.13,46.5,123.02,0,17,17,137,Skagerrak_022_08b
326149.8928904512,248.51235716832528,3.0300722353999543,CO2,0.5,0.13,35.4,107.6,0,4,4,107,Judy_028_05
121104.19357637613,233.14255890416834,1.9107737254670039,N2,0.5,0.13,54.1,143.53,0,21,21,116,Judy_029_14b
419356.9749956365,355.4532332803524,1.8570035036733001,CO2,100.0,0.21,13.5,56.88215,2,10,10,14,Bunter Closure 4
1452712.8964143656,152.07615278162413,1.7617807612940706,CH4,500.0,0.23,72.9,145.1,4,9,9,82,Fulmar_030_08
918241.5324673456,345.694479687286,0.63884881997959,CH4,15.0,0.26,16.9,68.7496,1,19,19,4,Bunter Closure 10
368744.07710364833,140.9007814669408,0.5029454222577079,CH4,500.0,0.23,83.0,165.09,4,34,34,81,Fulmar_030_06
338079.5893126176,26.55047358175077,2.1799493605470346,H2,30.0,0.17,75.6,176.22,1,33,33,101,Joanne_030_08
902527.7755389324,208.04605614032695,1.7264017947867196,H2,100.0,0.21,13.5,56.88215,2,10,10,14,Bunter Closure 4
106651.64541047512,237.4357841950097,0.9060881279686757,N2,500.0,0.23,72.9,145.1,4,9,9,82,Fulmar_030_08
34950.42229107277,82.70912482983746,0.14457949959194796,CH4,0.5,0.13,54.1,143.53,0,21,21,116,Judy_029_14b
28526.52242974091,21.51073401836978,3.7480913276371877,H2,306.6,0.18,41.4,100.47,3,29,29,61,Fulmar_021_30
14981.475113999462,137.583152473553,0.7897084301849436,CH4,0.5,0.13,54.1,143.53,0,21,21,116,Judy_029_14b
65190.66006026727,361.4725486370468,2.6195584156613854,CH4,100.0,0.21,13.5,56.88215,2,10,10,14,Bunter Closure 4
569537.8112692246,60.25766002256697,0.9828772832234887,N2,400.0,0.15,76.0,132.9,4,32,32,50,Darwin_009_14
794474.017141483,226.7297051976755,0.563231659574125,N2,17.5,0.17,96.6,160.14,1,5,5,63,Fulmar_022_03
126297.1854194145,160.8553386372397,3.5002609471875576,N2,40.0,0.16,39.79,94.46,2,30,30,49,Cormorant_211_23
1217957.6145615336,205.63347857764816,3.9111268480258743,CO2,17.5,0.17,59.4,141.16,1,12,12,73,Fulmar_023_27
1458065.6184195308,291.43263440399573,2.870138874064269,CO2,1600.0,0.23,29.7,81.29,4,18,18,54,Fulmar_021_16
422091.15899797453,236.81057689386859,0.0730580883697919,N2,40.0,0.16,39.79,94.46,2,30,30,49,Cormorant_211_23
99627.0215263858,29.856374758369874,3.6450065276527424,H2,5.03,0.13,46.5,123.02,0,17,17,137,Skagerrak_022_08b
637238.8254167566,356.11834442004283,3.0650600749459813,CO2,5.03,0.13,100.1,168.88,0,22,22,136,Skagerrak_022_03
130778.23298476395,27.164016626808145,3.062106701096019,CO2,500.0,0.23,83.0,165.09,4,34,34,81,Fulmar_030_06
37635.13555294008,311.77676872807643,1.879157775361167,CH4,500.0,0.23,72.9,145.1,4,9,9,82,Fulmar_030_08
22729.46901171306,239.62670756804297,0.43883061404645846,CO2,30.0,0.17,80.8,141.34,1,23,23,100,Joanne_030_06
752581.8820782107,156.9901450589053,1.022849024536231,CH4,15.0,0.07,18.0,72.58105,1,15,15,7,Bunter Closure 14
170612.79730104934,306.61779673063984,0.42172223934129655,CH4,100.0,0.23,0.2,8.8,2,6,6,143,Spilsby Sandstone Formation 1
1086808.0959476058,251.19492597530694,2.6958308158693085,CO2,100.0,0.21,13.5,56.88215,2,10,10,14,Bunter Closure 4
70539.84484737722,201.31140168740302,1.8875729445389824,CH4,100.0,0.29,7.3,35.36275,2,26,26,3,Bunter Closure 1
10142.186661777603,283.79213840218677,0.6288509563453438,CH4,650.0,0.21,50.6,124.74,4,24,24,30,Claymore_014_25
496554.8484434202,212.31182258161041,2.936999960462123,N2,5.03,0.13,73.8,153.48,0,3,3,138,Skagerrak_022_15
23473.800884097618,288.45148050646696,1.606548012723228,CO2,17.5,0.17,96.6,160.14,1,5,5,63,Fulmar_022_03
106190.26812775443,182.3049299217658,1.0674301387860579,H2,15.0,0.14,18.7,75.01,1,8,8,19,Bunter Closure 49
439858.8574491211,124.17942360781083,0.7410110868923234,N2,17.5,0.17,59.4,141.16,1,12,12,73,Fulmar_023_27
294278.2892725184,254.0126263241616,3.5613323315696914,H2,17.5,0.17,96.6,160.14,1,5,5,63,Fulmar_022_03
22506.120326078675,358.0327610079493,3.8952070948673607,H2,17.5,0.17,96.6,160.14,1,5,5,63,Fulmar_022_03
362044.6480241895,89.1823374929628,1.4881634345553072,H2,330.0,0.14,46.2,101.78,3,13,13,127,Nansen_003_02
67940.45960407863,247.21880676637852,2.4828601337920353,CH4,306.6,0.18,29.1,86.3,3,14,14,59,Fulmar_021_28
93648.00926589515,16.01154434969397,2.2757114557124187,CH4,500.0,0.23,83.0,165.09,4,34,34,81,Fulmar_030_06
834500.6537045221,41.47798435482596,2.6762976050752516,CH4,100.0,0.15,8.3,38.97,2,16,16,18,Bunter Closure 46
10901.685848183706,56.37302658359155,0.9018682934599932,H2,40.0,0.16,48.97,117.06,2,1,1,46,Cormorant_211_12
13488.298793727039,307.10053015363536,1.9166648850512409,CH4,5.0,0.15,8.1,36.0,0,25,25,88,Hopeman_012_24
189901.9715139939,305.7740067092992,1.7490688604013902,N2,350.0,0.14,10.3,45.7819,3,0,0,23,Bunter Sandstone Formation Zone 1
49042.398272613085,305.06361621603173,3.4585140532363527,CH4,650.0,0.21,50.6,124.74,4,24,24,30,Claymore_014_25
109365.30317798356,244.29190173544583,3.8406692158436946,CH4,43.0,0.12,56.44,125.59,2,35,35,144,Statfjord_003_14
56909.759225330235,241.21749043408673,3.66771652168136,H2,0.5,0.13,54.1,143.53,0,21,21,116,Judy_029_14b
240049.5801034348,191.8498836869268,3.9455648653764235,CO2,100.0,0.21,13.5,56.88215,2,10,10,14,Bunter Closure 4
250659.55611458147,203.09569182425412,0.3976947550865403,CH4,0.5,0.13,35.4,107.6,0,4,4,107,Judy_028_05
206782.0867980838,263.06791197562575,1.594441614969452,CH4,17.5,0.17,96.6,160.14,1,5,5,63,Fulmar_022_03
759887.015943976,49.70926380821432,0.9950849620756647,CH4,330.0,0.14,46.2,101.78,3,13,13,127,Nansen_003_02
30692.380102252675,318.1585476289535,0.8233240542494118,CO2,100.0,0.29,7.3,35.36275,2,26,26,3,Bunter Closure 1
32320.95288942668,336.82353963311346,2.5603289580327275,CH4,5.03,0.13,100.1,168.88,0,22,22,136,Skagerrak_022_03
270853.6153178255,14.28523523286462,2.0657390071629638,H2,40.0,0.16,39.79,94.46,2,30,30,49,Cormorant_211_23
149961.91493789872,168.4778890019022,3.2779729331692864,CH4,500.0,0.23,83.0,165.09,4,34,34,81,Fulmar_030_06
32759.8271517879,171.8832754633098,2.979070674399807,CH4,5.0,0.19,27.9,92.69,0,28,28,0,Auk_029_15
122264.43309762479,170.14940467074632,2.155420555887729,H2,15.0,0.14,18.7,75.01,1,8,8,19,Bunter Closure 49
81645.12839928133,234.7631124935898,3.4258886128799473,N2,650.0,0.21,50.6,124.74,4,24,24,30,Claymore_014_25
23251.825507903108,223.55250844266604,0.731203252467819,H2,0.5,0.13,82.3,168.96,0,20,20,108,Judy_029_02
358119.88092570356,131.14994702087222,1.255063171472799,CO2,5.0,0.15,8.1,36.0,0,25,25,88,Hopeman_012_24
117558.80799435065,93.56617997390154,3.196651133593677,CH4,17.5,0.17,59.4,141.16,1,12,12,73,Fulmar_023_27
174322.8076462162,135.67679554785735,1.541330897933374,CH4,5.03,0.13,46.5,123.02,0,17,17,137,Skagerrak_022_08b
254798.74272101955,184.7527024327564,2.1098357204727187,H2,75.0,0.2,66.19,101.8,2,36,36,90,Hugin_009_14
670396.3289739809,125.3972631338966,2.254739106811,N2,5.03,0.13,73.8,153.48,0,3,3,138,Skagerrak_022_15
12828.07182036658,192.35283852071024,2.1404967677024103,N2,400.0,0.15,76.0,132.9,4,32,32,50,Darwin_009_14
10369.085421260566,198.1137606325085,2.4435760554779766,CH4,1600.0,0.23,29.7,81.29,4,18,18,54,Fulmar_021_16
155874.8111778548,363.0482283512756,0.3161650434870037,CH4,100.0,0.29,7.3,35.36275,2,26,26,3,Bunter Closure 1
261320.52124247706,323.5913846554632,0.6502579181119709,N2,40.0,0.16,39.79,94.46,2,30,30,49,Cormorant_211_23
67162.53628212804,20.234828038793637,3.5691957305664737,CO2,43.0,0.12,56.44,125.59,2,35,35,144,Statfjord_003_14
25487.808467073286,114.30041098180877,2.0352939360002464,H2,0.5,0.13,82.3,168.96,0,20,20,108,Judy_029_02
348368.418797158,128.41736351450618,3.388365456305266,CO2,0.5,0.13,82.3,168.96,0,20,20,108,Judy_029_02
39537.47207419064,199.12065796420845,1.1323316153456118,CO2,1600.0,0.23,29.7,81.29,4,18,18,54,Fulmar_021_16
14716.68812357298,309.3300469712073,3.4406524648358756,N2,0.5,0.13,82.3,168.96,0,20,20,108,Judy_029_02
83871.52547034534,19.53836693548073,1.6400237227372996,N2,500.0,0.23,32.5,99.65,4,27,27,84,Fulmar_030_17
17373.838574578742,102.25269627661943,3.4813048273627123,N2,650.0,0.21,50.6,124.74,4,24,24,30,Claymore_014_25
103179.96340223032,219.6866284792071,1.6826745221111479,CO2,650.0,0.21,50.6,124.74,4,24,24,30,Claymore_014_25
1059955.3975043048,255.42451060965715,0.336823732808827,CO2,0.5,0.13,82.3,168.96,0,20,20,108,Judy_029_02
37154.352638071934,48.22893870325512,1.518855824998667,H2,0.5,0.13,54.1,143.53,0,21,21,116,Judy_029_14b
660973.1823707983,119.86286063249655,0.9847148941829529,CH4,0.5,0.13,97.2,187.89,0,7,7,109,Judy_029_03
103646.46788870438,108.74461377723273,0.3599565613269704,CH4,5.03,0.13,46.5,123.02,0,17,17,137,Skagerrak_022_08b
44045.15959824322,134.3186405252913,0.04158814551312468,N2,17.5,0.17,59.4,141.16,1,12,12,73,Fulmar_023_27
406695.44309315964,243.659714992268,0.4155421444787739,CH4,500.0,0.23,83.0,165.09,4,34,34,81,Fulmar_030_06
609903.4276049712,54.064687608019064,1.6578231328071649,N2,306.6,0.18,29.1,86.3,3,14,14,59,Fulmar_021_28
268429.1643535119,162.93773788650392,2.8236787896036235,H2,75.0,0.2,66.19,101.8,2,36,36,90,Hugin_009_14
47649.9314565009,37.78030357712744,1.147963752078456,H2,0.5,0.13,35.4,107.6,0,4,4,107,Judy_028_05
15581.347683835056,73.22773168510736,0.3851909512019045,N2,40.0,0.16,66.75,103.5,2,31,31,37,Cormorant_003_25
15362.727704633566,321.66229599346156,3.4784556680730487,N2,100.0,0.21,13.5,56.88215,2,10,10,14,Bunter Closure 4
22011.215584498234,346.9516469025085,3.824158361720811,CO2,650.0,0.21,50.6,124.74,4,24,24,30,Claymore_014_25
125441.3235561187,357.9417407788761,3.7950695282405795,N2,100.0,0.15,8.3,38.97,2,16,16,18,Bunter Closure 46
11273.061411559731,63.9233297106205,3.682323373719195,CH4,306.6,0.18,75.9,149.3,3,11,11,76,Fulmar_029_02
98071.7963354516,179.6076118539114,1.1105317341689573,H2,330.0,0.14,46.2,101.78,3,13,13,127,Nansen_003_02
33292.685447101816,272.7160904289941,0.46572735241326874,CO2,100.0,0.29,7.3,35.36275,2,26,26,3,Bunter Closure 1
385280.3447498795,144.17016596872904,2.5268389579626795,CH4,500.0,0.23,32.5,99.65,4,27,27,84,Fulmar_030_17
22756.940704547036,191.39445747197465,1.9713758622735398,CO2,350.0,0.14,10.3,45.7819,3,0,0,23,Bunter Sandstone Formation Zone 1
38414.84518742405,190.4482383250178,3.984475244722436,N2,500.0,0.23,83.0,165.09,4,34,34,81,Fulmar_030_06
12079.40198690345,118.94313637761024,2.7167677248740736,CO2,500.0,0.23,72.9,145.1,4,9,9,82,Fulmar_030_08
401690.61058483314,151.50830929660918,2.710927243121018,CH4,100.0,0.15,8.3,38.97,2,16,16,18,Bunter Closure 46
87743.18015931969,107.1520973681599,3.1405767742905493,N2,0.5,0.13,82.3,168.96,0,20,20,108,Judy_029_02
54057.96792362615,217.13449035957237,1.5887055128273155,CH4,5.03,0.13,46.5,123.02,0,17,17,137,Skagerrak_022_08b
69589.59513318044,252.52722477425874,0.9152935500127279,N2,1600.0,0.23,29.7,81.29,4,18,18,54,Fulmar_021_16
811387.486424727,112.25468599633729,2.9086527996467453,CH4,17.5,0.17,96.6,160.14,1,5,5,63,Fulmar_022_03
248305.9213944111,359.22563380652065,2.1314203365350233,CH4,17.5,0.17,96.6,160.14,1,5,5,63,Fulmar_022_03
11441.111358134725,309.75119446886055,0.5388164121423903,CO2,17.5,0.17,59.4,141.16,1,12,12,73,Fulmar_023_27
13690.84749631446,140.1380176654195,0.2737005422241124,CO2,5.03,0.13,100.1,168.88,0,22,22,136,Skagerrak_022_03
58022.19397278038,117.59314442698371,1.5789919001524715,CH4,500.0,0.23,32.5,99.65,4,27,27,84,Fulmar_030_17
1494588.4181742074,102.79405705028606,2.5781063544921423,H2,5.0,0.15,8.1,36.0,0,25,25,88,Hopeman_012_24
597289.4760540676,136.90541784749877,2.243970936598535,H2,1600.0,0.23,29.7,81.29,4,18,18,54,Fulmar_021_16
24515.011108314244,84.34049097164379,1.0054843944660463,CH4,306.6,0.18,41.4,100.47,3,29,29,61,Fulmar_021_30
167367.46153518854,50.85911256414477,3.3670731462053176,N2,0.5,0.13,97.2,187.89,0,7,7,109,Judy_029_03
18231.287363900938,52.720920765850295,1.7435554566647449,N2,5.0,0.15,8.1,36.0,0,25,25,88,Hopeman_012_24
146272.82283331468,70.62744071156791,1.9346160444384672,H2,100.0,0.21,13.5,56.88215,2,10,10,14,Bunter Closure 4
101938.9657371129,364.478629818159,1.7038825372515194,CO2,5.0,0.15,8.1,36.0,0,25,25,88,Hopeman_012_24
10962.808187253444,49.902703287450656,0.4610219074144676,CO2,400.0,0.15,76.0,132.9,4,32,32,50,Darwin_009_14
65041.35488311056,179.95221003362255,0.6630426195530809,N2,40.0,0.16,66.75,103.5,2,31,31,37,Cormorant_003_25
1151718.433638333,97.56718271500752,3.2880362842193307,CH4,100.0,0.15,8.3,38.97,2,16,16,18,Bunter Closure 46
20213.644217821096,100.12770502003562,3.3784986796066714,H2,0.5,0.13,82.3,168.96,0,20,20,108,Judy_029_02
131762.86591857602,197.65173512999507,3.338872890923311,N2,5.03,0.13,100.1,168.88,0,22,22,136,Skagerrak_022_03
1035175.1005794726,245.5132415236612,3.2277992935762616,CO2,100.0,0.15,8.3,38.97,2,16,16,18,Bunter Closure 46
24357.43591298513,20.903533378750673,0.6173095656755981,N2,40.0,0.16,39.79,94.46,2,30,30,49,Cormorant_211_23
307959.57836197456,297.919709461524,2.841287442152946,CH4,40.0,0.16,48.97,117.06,2,1,1,46,Cormorant_211_12
17884.16664313919,341.7345996862247,0.9484140350939652,CO2,0.5,0.13,54.1,143.53,0,21,21,116,Judy_029_14b
29993.80259888003,22.36780540288038,3.297957358617642,H2,500.0,0.23,32.5,99.65,4,27,27,84,Fulmar_030_17
19098.707530796455,231.29053249219834,0.48679461620949405,H2,306.6,0.18,41.4,100.47,3,29,29,61,Fulmar_021_30
210027.4500850892,188.16121325724632,2.807642807288206,H2,400.0,0.15,76.0,132.9,4,32,32,50,Darwin_009_14
59982.871863475186,38.3649743501192,1.0600784196607873,CO2,5.03,0.13,100.1,168.88,0,22,22,136,Skagerrak_022_03
31159.931238728168,15.057710436952831,2.439327077323545,H2,5.0,0.15,8.1,36.0,0,25,25,88,Hopeman_012_24
619496.2933998157,335.6258009538967,2.7308992903961724,N2,0.5,0.13,35.4,107.6,0,4,4,107,Judy_028_05
276757.4885139973,275.3755173147434,2.217896775847684,N2,0.5,0.13,82.3,168.96,0,20,20,108,Judy_029_02
984116.9105875368,167.48064091377728,2.5556837805179065,H2,0.5,0.13,35.4,107.6,0,4,4,107,Judy_028_05
10798.027663453659,35.1691758309524,0.06813941993130164,N2,40.0,0.16,39.79,94.46,2,30,30,49,Cormorant_211_23
314889.1968347961,101.15188510714943,2.419961668136772,CH4,40.0,0.16,48.97,117.06,2,1,1,46,Cormorant_211_12
1228686.973257956,94.31783899374304,0.7131978056093302,N2,306.6,0.18,75.9,149.3,3,11,11,76,Fulmar_029_02
13872.02011224698,55.769830495110895,0.5717487116719634,CO2,306.6,0.18,29.1,86.3,3,14,14,59,Fulmar_021_28
110679.4299001061,122.53021614029552,1.9926612986195866,CO2,306.6,0.18,29.1,86.3,3,14,14,59,Fulmar_021_28
558254.0407122622,323.45739037912927,0.8772891549151232,CH4,306.6,0.18,29.1,86.3,3,14,14,59,Fulmar_021_28
533313.4890845871,350.9425741614774,0.5765803163319677,CO2,40.0,0.16,48.97,117.06,2,1,1,46,Cormorant_211_12
725743.9726129487,129.6141103791606,3.9392121824675383,CO2,0.5,0.13,35.4,107.6,0,4,4,107,Judy_028_05
1099364.6474749034,361.99682848116623,1.6663757322744088,CO2,306.6,0.18,41.4,100.47,3,29,29,61,Fulmar_021_30
245437.05097026538,260.41477222482513,2.955037138322736,CO2,17.5,0.17,96.6,160.14,1,5,5,63,Fulmar_022_03
27383.70714629516,257.7614743406448,2.1847733770242876,N2,650.0,0.21,50.6,124.74,4,24,24,30,Claymore_014_25
72936.97054158557,241.47382572106835,1.9537439586340946,N2,350.0,0.14,10.3,45.7819,3,0,0,23,Bunter Sandstone Formation Zone 1
29259.25297738597,352.9858989420291,1.1541406919760497,N2,30.0,0.17,80.8,141.34,1,23,23,100,Joanne_030_06
10467.562586239217,330.21372113070726,1.0427671807241412,H2,75.0,0.2,66.19,101.8,2,36,36,90,Hugin_009_14
1004928.8826387308,60.342826186835005,2.4616941740360967,H2,306.6,0.18,41.4,100.47,3,29,29,61,Fulmar_021_30
16220.472994834869,64.71951155636944,2.4932280571094956,N2,40.0,0.16,39.79,94.46,2,30,30,49,Cormorant_211_23
58856.87530955917,218.2532552338794,0.44178125497976656,CO2,1600.0,0.23,29.7,81.29,4,18,18,54,Fulmar_021_16
26042.235330488897,82.80615080101457,2.852280212350451,H2,100.0,0.15,8.3,38.97,2,16,16,18,Bunter Closure 46
584900.795043022,269.23907364645976,3.0496505427955203,CH4,100.0,0.15,8.3,38.97,2,16,16,18,Bunter Closure 46
32272.767234669365,356.8880658794833,0.1135835217041142,H2,15.0,0.14,18.7,75.01,1,8,8,19,Bunter Closure 49
21219.80560214213,242.97654667038657,0.7597042341823905,N2,0.5,0.13,82.3,168.96,0,20,20,108,Judy_029_02
113751.80148241979,63.80781367243568,1.0791257416710835,H2,500.0,0.23,72.9,145.1,4,9,9,82,Fulmar_030_08
328074.62830969814,106.16329274618919,3.265810234537987,CO2,650.0,0.21,50.6,124.74,4,24,24,30,Claymore_014_25
798894.2917872053,42.262919109129484,3.753593027263147,H2,5.03,0.13,73.8,153.48,0,3,3,138,Skagerrak_022_15
13365.961136775635,171.0833563243902,2.507024817812998,N2,5.03,0.13,100.1,168.88,0,22,22,136,Skagerrak_022_03
11522.534571333388,240.74284091229234,1.3798829652630693,N2,330.0,0.14,46.2,101.78,3,13,13,127,Nansen_003_02
37285.538001998444,91.19921568303171,2.7487891555395727,H2,500.0,0.23,72.9,145.1,4,9,9,82,Fulmar_030_08
25677.892286379356,328.7265278081832,2.6460987330931154,CH4,15.0,0.07,18.0,72.58105,1,15,15,7,Bunter Closure 14
122655.3095688262,146.43368194076652,1.0331732426308475,N2,100.0,0.21,13.5,56.88215,2,10,10,14,Bunter Closure 4
283353.0578209589,320.35959518388,2.172824479458017,CH4,100.0,0.15,8.3,38.97,2,16,16,18,Bunter Closure 46
56458.77967138985,160.09563659135534,2.414499250544484,N2,5.03,0.13,46.5,123.02,0,17,17,137,Skagerrak_022_08b
375942.0939264042,79.74796728914096,1.1862588868188675,CO2,40.0,0.16,48.97,117.06,2,1,1,46,Cormorant_211_12
447007.9706571047,322.1788821542131,1.1816291035439108,H2,500.0,0.23,32.5,99.65,4,27,27,84,Fulmar_030_17
1392677.4499147164,176.7679514628232,3.035401024563016,CO2,0.5,0.13,35.4,107.6,0,4,4,107,Judy_028_05
11739.387881869548,143.37798153089528,2.499238297276693,N2,40.0,0.16,39.79,94.46,2,30,30,49,Cormorant_211_23
30909.285259801847,254.14346027027955,2.3880246672309573,H2,75.0,0.2,66.19,101.8,2,36,36,90,Hugin_009_14
90551.44074079147,343.6835043188342,0.7274626666492179,CH4,5.0,0.19,27.9,92.69,0,28,28,0,Auk_029_15
477598.9929184855,120.69159651573807,0.004373760667998693,N2,40.0,0.16,66.75,103.5,2,31,31,37,Cormorant_003_25
181706.84812469318,139.41700869141,2.9486369458279578,H2,500.0,0.23,32.5,99.65,4,27,27,84,Fulmar_030_17
168846.86396913568,189.67412188865444,0.22767314690444038,CH4,650.0,0.21,50.6,124.74,4,24,24,30,Claymore_014_25
197565.91335565597,107.43830824726136,3.870119223064955,CO2,17.5,0.17,59.4,141.16,1,12,12,73,Fulmar_023_27
548854.2813767303,341.8978365002751,0.1397636635577194,N2,500.0,0.23,32.5,99.65,4,27,27,84,Fulmar_030_17
82239.37632399394,114.67329715449705,0.8267724863279241,CH4,100.0,0.15,8.3,38.97,2,16,16,18,Bunter Closure 46
96971.13098937213,360.6185568127381,3.0934200612226506,N2,5.03,0.13,46.5,123.02,0,17,17,137,Skagerrak_022_08b
188153.78868687956,280.8482313155659,1.205734024533999,CO2,30.0,0.17,80.8,141.34,1,23,23,100,Joanne_030_06
14847.167099917544,186.13603395355076,2.6097294071249943,CH4,100.0,0.21,13.5,56.88215,2,10,10,14,Bunter Closure 4
676645.0407022454,215.8416673693721,2.04004238600852,N2,15.0,0.26,16.9,68.7496,1,19,19,4,Bunter Closure 10
1018057.6039112317,264.74412381293126,3.072779568246246,H2,500.0,0.23,32.5,99.65,4,27,27,84,Fulmar_030_17
183255.65198077195,152.8660040998426,2.3475026341300995,N2,1600.0,0.23,48.9,122.61,4,2,2,57,Fulmar_021_24
135245.86402027975,86.54964866715208,0.5443572045744974,H2,40.0,0.16,39.79,94.46,2,30,30,49,Cormorant_211_23
138800.96922440434,269.92605331000686,2.095713257988655,CO2,40.0,0.16,48.97,117.06,2,1,1,46,Cormorant_211_12
350913.32729805325,127.65169211574063,1.6396713672535612,CO2,306.6,0.18,29.1,86.3,3,14,14,59,Fulmar_021_28
186108.56842761667,61.6899976353893,3.148359057260706,CH4,100.0,0.15,8.3,38.97,2,16,16,18,Bunter Closure 46
55204.83323589493,23.608575895781932,1.175592316139401,N2,100.0,0.23,0.2,8.8,2,6,6,143,Spilsby Sandstone Formation 1
1166275.0661726925,206.07807792665108,0.5115157723933877,N2,100.0,0.29,7.3,35.36275,2,26,26,3,Bunter Closure 1
1048881.0081316913,55.272671579849586,0.0855834274497309,CH4,0.5,0.13,97.2,187.89,0,7,7,109,Judy_029_03
33154.81392463051,110.58354003758545,1.1199867143386015,N2,15.0,0.14,18.7,75.01,1,8,8,19,Bunter Closure 49
1044539.6681538663,348.2483392762539,3.1119901354999047,CO2,100.0,0.21,13.5,56.88215,2,10,10,14,Bunter Closure 4
1377406.606986948,270.58836959143196,0.1813352467119149,N2,1600.0,0.23,29.7,81.29,4,18,18,54,Fulmar_021_16
656651.7086360308,246.51603204145633,1.2412703703502803,N2,330.0,0.14,46.2,101.78,3,13,13,127,Nansen_003_02
61796.53635418856,159.78961171044065,2.9020601371757735,H2,500.0,0.23,32.5,99.65,4,27,27,84,Fulmar_030_17
444005.8797109247,349.7783526329235,1.5501739769962926,CO2,43.0,0.12,56.44,125.59,2,35,35,144,Statfjord_003_14
42196.347507006125,300.46486999845246,1.9676114456812244,CH4,500.0,0.23,72.9,145.1,4,9,9,82,Fulmar_030_08
453081.35012149287,85.10448625479907,3.13479636790754,H2,1600.0,0.23,29.7,81.29,4,18,18,54,Fulmar_021_16
81170.82609401077,89.01697982910976,1.2646494144517546,CH4,350.0,0.14,10.3,45.7819,3,0,0,23,Bunter Sandstone Formation Zone 1
1356841.5477401367,135.31379797368243,0.13574973189678685,CO2,1600.0,0.23,29.7,81.29,4,18,18,54,Fulmar_021_16
35309.65853052433,53.57865520078693,0.9580668887300873,H2,0.5,0.13,35.4,107.6,0,4,4,107,Judy_028_05
12395.689831532392,17.79768284129818,0.6412045173352818,CO2,40.0,0.16,39.79,94.46,2,30,30,49,Cormorant_211_23
232575.88128661347,331.40693463954165,1.9390470473085843,CH4,100.0,0.15,8.3,38.97,2,16,16,18,Bunter Closure 46
15516.2847644418,301.97939795352903,2.2891560676656755,CH4,330.0,0.14,46.2,101.78,3,13,13,127,Nansen_003_02
18381.313091584034,121.4630068360063,1.5723643405576109,N2,306.6,0.18,41.4,100.47,3,29,29,61,Fulmar_021_30
389289.4088170078,351.67277602740046,0.2691077113708864,N2,350.0,0.14,10.3,45.7819,3,0,0,23,Bunter Sandstone Formation Zone 1
35771.762974188656,314.2324838192844,3.657606291822068,CO2,500.0,0.23,32.5,99.65,4,27,27,84,Fulmar_030_17
29632.847827825088,77.73011830195176,1.1246877912496862,CO2,43.0,0.12,56.44,125.59,2,35,35,144,Statfjord_003_14
431557.05281383893,297.5531679080576,3.6397613218392024,CH4,43.0,0.12,56.44,125.59,2,35,35,144,Statfjord_003_14
46636.73835379541,150.17463802823212,1.3666760979393457,N2,40.0,0.16,48.97,117.06,2,1,1,46,Cormorant_211_12
159367.01100663247,67.55691995255012,1.786091356908341,N2,100.0,0.23,0.2,8.8,2,6,6,143,Spilsby Sandstone Formation 1
118470.10503141777,36.541206341103376,0.6112493556157724,CH4,100.0,0.15,8.3,38.97,2,16,16,18,Bunter Closure 46
143592.60030563604,181.67710949965823,3.5064552365845625,CH4,306.6,0.18,41.4,100.47,3,29,29,61,Fulmar_021_30
10601.331416277442,109.81788052348942,0.1680658041925703,N2,17.5,0.17,59.4,141.16,1,12,12,73,Fulmar_023_27
61337.71509562002,63.128360979067914,0.488055323344556,H2,17.5,0.17,96.6,160.14,1,5,5,63,Fulmar_022_03
172912.96694647145,317.876909197186,2.768821582401967,CH4,5.03,0.13,46.5,123.02,0,17,17,137,Skagerrak_022_08b
23001.266811980346,276.1715873099958,1.419025663761114,CH4,650.0,0.21,50.6,124.74,4,24,24,30,Claymore_014_25
44390.11137560534,32.21653517314685,3.2032434591288728,CO2,306.6,0.18,75.9,149.3,3,11,11,76,Fulmar_029_02
644503.2313728936,255.72413802524443,3.241310038585259,CO2,650.0,0.21,50.6,124.74,4,24,24,30,Claymore_014_25
69165.92477431291,136.43180893017063,1.406149755682505,CH4,30.0,0.17,75.6,176.22,1,33,33,101,Joanne_030_08
98366.33136556282,197.0439275163936,3.155113838934117,CH4,100.0,0.21,13.5,56.88215,2,10,10,14,Bunter Closure 4
490444.5228078192,175.8838911169584,1.8265790338912016,CH4,0.5,0.13,35.4,107.6,0,4,4,107,Judy_028_05
461027.9150317568,232.62600966768576,3.009932622102522,CO2,5.03,0.13,46.5,123.02,0,17,17,137,Skagerrak_022_08b
41089.41015738588,354.17567078369365,2.019883335584916,H2,0.5,0.13,54.1,143.53,0,21,21,116,Judy_029_14b
85371.47553280437,288.6251879534701,2.6598381594636322,N2,5.0,0.19,27.9,92.69,0,28,28,0,Auk_029_15
1285384.3226464281,226.63996148191126,0.6808827486265968,H2,0.5,0.13,35.4,107.6,0,4,4,107,Judy_028_05
12293.532374940878,100.56882771805712,0.8868050067490547,CO2,40.0,0.16,66.75,103.5,2,31,31,37,Cormorant_003_25
11058.320382842652,183.05673388320108,0.022403664056804076,H2,306.6,0.18,75.9,149.3,3,11,11,76,Fulmar_029_02
265324.53743201157,142.52736691361235,1.9503028207398136,N2,30.0,0.17,75.6,176.22,1,33,33,101,Joanne_030_08
1116434.6497394182,298.49708657699694,1.2089730741295137,H2,15.0,0.07,18.0,72.58105,1,15,15,7,Bunter Closure 14
27686.809359436214,210.1970523202317,2.970066268715842,H2,400.0,0.15,76.0,132.9,4,32,32,50,Darwin_009_14
318180.17330402584,280.2103619887217,3.491440529450868,CH4,400.0,0.15,76.0,132.9,4,32,32,50,Darwin_009_14
128632.65632694555,157.27541074980363,2.025075419685432,H2,306.6,0.18,75.9,149.3,3,11,11,76,Fulmar_029_02
392443.8416945818,333.33989654103317,1.0303648210633485,H2,75.0,0.2,66.19,101.8,2,36,36,90,Hugin_009_14
45529.77019174739,168.42375565360348,2.7761662029303418,CH4,30.0,0.17,75.6,176.22,1,33,33,101,Joanne_030_08
24797.46047253902,98.43704260134903,2.4248994312920957,H2,100.0,0.23,0.2,8.8,2,6,6,143,Spilsby Sandstone Formation 1
31851.923999238697,86.08196899300303,3.875130070968814,N2,500.0,0.23,83.0,165.09,4,34,34,81,Fulmar_030_06
38847.96293234381,202.5507837357074,3.707185801953058,N2,30.0,0.17,80.8,141.34,1,23,23,100,Joanne_030_06
1317631.9539806927,274.8157165398481,2.1024260625539952,CO2,17.5,0.17,59.4,141.16,1,12,12,73,Fulmar_023_27
631192.5921238122,133.76533689821963,1.3109511304557901,H2,1600.0,0.23,29.7,81.29,4,18,18,54,Fulmar_021_16
11719.958498124783,132.85943742447765,1.1972841779663288,CO2,1600.0,0.23,29.7,81.29,4,18,18,54,Fulmar_021_16
30125.645926195015,43.312995084758256,3.2632086039591615,N2,30.0,0.17,80.8,141.34,1,23,23,100,Joanne_030_06
24952.921611329395,311.02951269155363,0.8457750931450281,CO2,30.0,0.17,80.8,141.34,1,23,23,100,Joanne_030_06
36353.98473607574,251.84759217332052,2.7878239015890682,CO2,400.0,0.15,76.0,132.9,4,32,32,50,Darwin_009_14
13045.787294419344,300.2338732324221,2.8796386150640845,N2,5.03,0.13,100.1,168.88,0,22,22,136,Skagerrak_022_03
10675.04561425955,261.1325486919598,0.12277984639397868,CH4,100.0,0.23,0.2,8.8,2,6,6,143,Spilsby Sandstone Formation 1
62899.189364671365,268.7482941640312,1.4379805096756033,H2,500.0,0.23,32.5,99.65,4,27,27,84,Fulmar_030_17
51579.25000612138,203.7051079060697,3.760986313621883,N2,30.0,0.17,75.6,176.22,1,33,33,101,Joanne_030_08
154373.90853993085,94.74083283700797,2.7921410665351636,CH4,5.03,0.13,46.5,123.02,0,17,17,137,Skagerrak_022_08b
464612.0408893941,293.345580857367,1.6148976517125775,CO2,306.6,0.18,29.1,86.3,3,14,14,59,Fulmar_021_28
1299677.5281488851,71.87786542564675,0.2872241768903562,H2,1600.0,0.23,48.9,122.61,4,2,2,57,Fulmar_021_24
12116.092704912127,216.44503716228772,3.283661084781582,H2,5.0,0.19,27.9,92.69,0,28,28,0,Auk_029_15
1131125.2142880969,78.40621465697106,2.126717503800142,CO2,1600.0,0.23,29.7,81.29,4,18,18,54,Fulmar_021_16
647369.6597149197,302.81387204223705,1.3461189645798428,H2,500.0,0.23,32.5,99.65,4,27,27,84,Fulmar_030_17
114985.78259258713,218.72338064876402,0.8607611602845877,CH4,15.0,0.26,16.9,68.7496,1,19,19,4,Bunter Closure 10
215185.15592959797,80.14780820265246,1.2383454917798877,CH4,306.6,0.18,75.9,149.3,3,11,11,76,Fulmar_029_02
57218.2000389216,242.76729995311453,0.15283102334061097,CO2,15.0,0.07,18.0,72.58105,1,15,15,7,Bunter Closure 14
692685.7685138524,321.29029305257177,0.5852281717114562,H2,306.6,0.18,29.1,86.3,3,14,14,59,Fulmar_021_28
259225.74788771893,41.0876753122204,3.6924011256004468,H2,30.0,0.17,80.8,141.34,1,23,23,100,Joanne_030_06
222899.5382428563,72.46940786866213,2.9611893228047825,H2,17.5,0.17,59.4,141.16,1,12,12,73,Fulmar_023_27
47806.43343895834,349.3177958536929,1.5557531968456975,N2,15.0,0.14,18.7,75.01,1,8,8,19,Bunter Closure 49
52122.952160414236,22.9541528559118,2.5747099674971845,CO2,40.0,0.16,48.97,117.06,2,1,1,46,Cormorant_211_12
19582.010401841915,231.6986318423189,1.0817811302933784,N2,100.0,0.21,13.5,56.88215,2,10,10,14,Bunter Closure 4
16920.481445352732,327.4495932433107,2.3717620346705397,CO2,350.0,0.14,10.3,45.7819,3,0,0,23,Bunter Sandstone Formation Zone 1
53024.824355955396,329.5949367145422,1.4549459613368636,CO2,40.0,0.16,39.79,94.46,2,30,30,49,Cormorant_211_23
108460.73103351425,204.27552069947632,0.2121437539233092,CH4,306.6,0.18,29.1,86.3,3,14,14,59,Fulmar_021_28
14207.905054333236,91.80716903184751,2.2835646675836805,CH4,30.0,0.17,80.8,141.34,1,23,23,100,Joanne_030_06
16636.32075032135,325.5102644064991,0.5997595633699105,H2,30.0,0.17,75.6,176.22,1,33,33,101,Joanne_030_08
544506.5623511241,16.164372417844305,2.0854277360681412,CO2,0.5,0.13,35.4,107.6,0,4,4,107,Judy_028_05
141475.6434936102,180.74956007934352,0.47679639003803775,CH4,350.0,0.14,10.3,45.7819,3,0,0,23,Bunter Sandstone Formation Zone 1
1433400.8696931212,229.38255826088005,3.3520911688118433,CH4,306.6,0.18,41.4,100.47,3,29,29,61,Fulmar_021_30
63327.49957226481,105.44138652782249,1.8522499256238885,H2,0.5,0.13,35.4,107.6,0,4,4,107,Judy_028_05
50122.882216308615,223.9536925674919,3.2212689034609463,H2,40.0,0.16,39.79,94.46,2,30,30,49,Cormorant_211_23
298656.3823731771,312.8116326188789,3.577644343756033,H2,40.0,0.16,66.75,103.5,2,31,31,37,Cormorant_003_25
53512.657728762984,278.8289113135091,0.793650916929101,H2,350.0,0.14,10.3,45.7819,3,0,0,23,Bunter Sandstone Formation Zone 1
897857.6462080257,56.87550411210259,3.5884960831766373,CH4,100.0,0.23,0.2,8.8,2,6,6,143,Spilsby Sandstone Formation 1
21494.975273193697,263.91037924164414,2.9920530520127104,CH4,5.03,0.13,73.8,153.48,0,3,3,138,Skagerrak_022_15
506795.83231061086,294.7564316992088,1.732333903667708,CO2,30.0,0.17,80.8,141.34,1,23,23,100,Joanne_030_06
205966.959574611,33.54906664946938,3.5309417374957586,N2,100.0,0.23,0.2,8.8,2,6,6,143,Spilsby Sandstone Formation 1
29105.390984483758,237.9928595799912,3.605446748043135,CH4,30.0,0.17,80.8,141.34,1,23,23,100,Joanne_030_06
456429.02437251754,81.06830820003125,0.23472038959096578,N2,5.03,0.13,46.5,123.02,0,17,17,137,Skagerrak_022_08b
243072.73053881584,95.80210565112317,3.8563995112430045,CO2,5.0,0.15,8.1,36.0,0,25,25,88,Hopeman_012_24
238863.78287069857,277.12558067812296,3.4345752475129614,H2,1600.0,0.23,48.9,122.61,4,2,2,57,Fulmar_021_24
14366.42711346275,271.60574187456217,2.5884029384926186,H2,100.0,0.21,13.5,56.88215,2,10,10,14,Bunter Closure 4
20805.455914330854,290.7637677295162,3.4640655382680188,N2,500.0,0.23,72.9,145.1,4,9,9,82,Fulmar_030_08
76830.28139080941,213.60668300540158,2.2295801577508962,CO2,15.0,0.14,18.7,75.01,1,8,8,19,Bunter Closure 49
301974.5834077023,315.6028324870333,3.6260919142985073,N2,100.0,0.15,8.3,38.97,2,16,16,18,Bunter Closure 46
382331.33815666265,342.8436031110958,2.538241739719828,CH4,500.0,0.23,72.9,145.1,4,9,9,82,Fulmar_030_08
10252.77845787027,336.98522539850956,3.1166455920965777,CH4,17.5,0.17,96.6,160.14,1,5,5,63,Fulmar_022_03
1195438.0336674848,228.5716615718233,3.556734746654152,CO2,0.5,0.13,54.1,143.53,0,21,21,116,Judy_029_14b
932445.5964787451,221.70368347314476,1.871266210567528,H2,5.03,0.13,100.1,168.88,0,22,22,136,Skagerrak_022_03
425758.57762426767,304.16782654768315,2.330696722286319,CO2,5.03,0.13,73.8,153.48,0,3,3,138,Skagerrak_022_15
917800.4969069576,340.2007641164444,1.5104175212219264,N2,40.0,0.16,39.79,94.46,2,30,30,49,Cormorant_211_23
34378.26660448821,33.75383745821992,3.422026556982191,CO2,650.0,0.21,50.6,124.74,4,24,24,30,Claymore_014_25
213236.35445740834,75.6851873119723,3.8857987797951865,CO2,40.0,0.16,48.97,117.06,2,1,1,46,Cormorant_211_12
86122.33411910394,115.59096842184735,3.714602107621206,H2,40.0,0.16,66.75,103.5,2,31,31,37,Cormorant_003_25
518979.4790800594,301.67782926963724,2.307663367720394,CO2,306.6,0.18,29.1,86.3,3,14,14,59,Fulmar_021_28
958390.822247346,249.20304842712315,1.3231195161369025,CH4,0.5,0.13,97.2,187.89,0,7,7,109,Judy_029_03
33873.181976484215,282.4269143338464,0.3494360707065759,CH4,40.0,0.16,39.79,94.46,2,30,30,49,Cormorant_211_23
707589.6369529805,326.1094273531151,0.1625165782339119,CH4,75.0,0.2,66.19,101.8,2,36,36,90,Hugin_009_14
518392.6334929675,154.11915686481342,3.95299913909342,CH4,40.0,0.16,48.97,117.06,2,1,1,46,Cormorant_211_12
17075.051992746925,265.70635209375007,3.368512500004514,CO2,15.0,0.07,18.0,72.58105,1,15,15,7,Bunter Closure 14
139720.2933881055,194.1878045969763,1.7956436127836695,H2,40.0,0.16,66.75,103.5,2,31,31,37,Cormorant_003_25
1310331.1991677666,28.298193844919368,3.08532710986433,CO2,1600.0,0.23,29.7,81.29,4,18,18,54,Fulmar_021_16
165024.44481086617,66.00930437165061,3.1606090040040122,H2,650.0,0.21,50.6,124.74,4,24,24,30,Claymore_014_25
19405.548989781782,206.3633004896033,1.8100400677937625,CO2,500.0,0.23,83.0,165.09,4,34,34,81,Fulmar_030_06
824108.7383167255,344.10666175544225,0.5161551389524616,CO2,5.0,0.15,8.1,36.0,0,25,25,88,Hopeman_012_24
41723.00086152327,124.7473611541434,1.5628414464451257,H2,1600.0,0.23,48.9,122.61,4,2,2,57,Fulmar_021_24
36688.043584380415,258.8170184963889,0.8033123090072315,H2,500.0,0.23,32.5,99.65,4,27,27,84,Fulmar_030_17
62325.40117328412,310.79236266062617,0.9214715518659774,N2,330.0,0.14,46.2,101.78,3,13,13,127,Nansen_003_02
210702.80181479658,211.1442749371862,2.4719399437376,H2,350.0,0.14,10.3,45.7819,3,0,0,23,Bunter Sandstone Formation Zone 1
19309.94991005809,113.1241473933521,0.009286609070125405,N2,330.0,0.14,46.2,101.78,3,13,13,127,Nansen_003_02
487578.7657572709,161.57841619736948,3.7430743666615243,CO2,500.0,0.23,32.5,99.65,4,27,27,84,Fulmar_030_17
24059.934351084263,144.57297612046165,2.1504592734141528,CH4,5.0,0.19,27.9,92.69,0,28,28,0,Auk_029_15
286623.0188946102,131.63919416655216,0.6910426517922411,CO2,15.0,0.07,18.0,72.58105,1,15,15,7,Bunter Closure 14
88933.99813581615,58.23946355583581,0.9434428749072687,CO2,350.0,0.14,10.3,45.7819,3,0,0,23,Bunter Sandstone Formation Zone 1
111757.17019862932,201.58090194232503,2.301834942781833,CO2,17.5,0.17,96.6,160.14,1,5,5,63,Fulmar_022_03
91692.43253642129,83.73425581342518,0.30310524158095453,N2,306.6,0.18,41.4,100.47,3,29,29,61,Fulmar_021_30
26214.307219775976,293.9741978212343,0.9646120368425628,CH4,40.0,0.16,66.75,103.5,2,31,31,37,Cormorant_003_25
11328.571841738525,234.07646216334564,2.9305106966750785,H2,306.6,0.18,41.4,100.47,3,29,29,61,Fulmar_021_30
72258.93007991368,339.0315865121193,0.28800462472620647,CH4,30.0,0.17,80.8,141.34,1,23,23,100,Joanne_030_06
77615.72001235145,88.34517024095348,3.8501772536082504,N2,15.0,0.26,16.9,68.7496,1,19,19,4,Bunter Closure 10
11860.108578919846,289.6625348758844,3.6523103289132997,CH4,5.0,0.15,8.1,36.0,0,25,25,88,Hopeman_012_24
12921.354415535196,283.53190375350107,3.3946218845502125,CH4,17.5,0.17,96.6,160.14,1,5,5,63,Fulmar_022_03
227165.9082471055,299.1612003600087,0.24934303939774413,CO2,30.0,0.17,75.6,176.22,1,33,33,101,Joanne_030_08
1242160.8221885494,187.803500469376,2.5334276345420728,CH4,500.0,0.23,32.5,99.65,4,27,27,84,Fulmar_030_17
16381.366285320271,163.6654246174424,1.484069940428869,CO2,43.0,0.12,56.44,125.59,2,35,35,144,Statfjord_003_14
55550.600642460464,199.92897609535285,1.7129674497627283,CH4,15.0,0.14,18.7,75.01,1,8,8,19,Bunter Closure 49
38262.578484444355,195.71022508351766,3.5397292798938085,H2,306.6,0.18,75.9,149.3,3,11,11,76,Fulmar_029_02
42733.908164796885,129.0909294148171,0.09599585004667435,CO2,30.0,0.17,80.8,141.34,1,23,23,100,Joanne_030_06
511103.43515069474,92.08021403533286,3.1917212931977605,N2,15.0,0.14,18.7,75.01,1,8,8,19,Bunter Closure 49
79875.79976624287,147.50416462317384,3.934655993211377,H2,0.5,0.13,54.1,143.53,0,21,21,116,Judy_029_14b
161907.72194016704,172.74971771651838,1.4974150031203992,CO2,0.5,0.13,97.2,187.89,0,7,7,109,Judy_029_03
21733.249384964914,43.61092168473563,1.711257951380604,H2,100.0,0.23,0.2,8.8,2,6,6,143,Spilsby Sandstone Formation 1
44782.72557371506,174.24006611561333,0.42994038432540826,CO2,330.0,0.14,46.2,101.78,3,13,13,127,Nansen_003_02
43300.86353302145,211.61006661971766,3.249997872096414,N2,15.0,0.26,16.9,68.7496,1,19,19,4,Bunter Closure 10
593838.1530295352,67.09373115316428,2.518246486268171,CO2,40.0,0.16,39.79,94.46,2,30,30,49,Cormorant_211_23
46235.65562584357,89.99045345097888,2.167048717215728,H2,306.6,0.18,29.1,86.3,3,14,14,59,Fulmar_021_28
399235.3198304283,200.60824346175448,1.4465972279083688,N2,17.5,0.17,96.6,160.14,1,5,5,63,Fulmar_022_03
18834.641861210453,112.7022483503211,1.456076892341116,N2,15.0,0.07,18.0,72.58105,1,15,15,7,Bunter Closure 14
26932.018297607105,125.86121504236306,3.1724101639423896,CO2,100.0,0.21,13.5,56.88215,2,10,10,14,Bunter Closure 4
144651.4131291468,81.47969089226403,1.3681952348333728,N2,15.0,0.14,18.7,75.01,1,8,8,19,Bunter Closure 49
535019.7335112158,213.2330049233173,1.6222336166303284,N2,30.0,0.17,80.8,141.34,1,23,23,100,Joanne_030_06
35470.86884973513,307.93506332569,3.8101221989537555,H2,306.6,0.18,41.4,100.47,3,29,29,61,Fulmar_021_30
66749.7298540692,332.32126204451976,2.8253716246012894,N2,15.0,0.26,16.9,68.7496,1,19,19,4,Bunter Closure 10
147110.85821110007,235.8133424089719,3.351604326902832,N2,650.0,0.21,50.6,124.74,4,24,24,30,Claymore_014_25
17597.716274501832,46.65269316291316,3.453918522757256,CO2,30.0,0.17,75.6,176.22,1,33,33,101,Joanne_030_08
1186230.2463775834,57.69394695624953,1.8173871081227366,N2,330.0,0.14,46.2,101.78,3,13,13,127,Nansen_003_02
75283.2437577208,39.70347062443831,3.973834425908039,H2,0.5,0.13,35.4,107.6,0,4,4,107,Judy_028_05
682888.0896611407,79.0650457677678,0.3794872389036222,CH4,500.0,0.23,83.0,165.09,4,34,34,81,Fulmar_030_06
18488.019964658935,225.25561239393457,0.559991460279818,N2,0.5,0.13,97.2,187.89,0,7,7,109,Judy_029_03
323060.2054543446,279.4300529286014,3.7308296738941715,CH4,17.5,0.17,96.6,160.14,1,5,5,63,Fulmar_022_03
31604.76655036287,314.53303469879984,2.7562403524777013,H2,75.0,0.2,66.19,101.8,2,36,36,90,Hugin_009_14
851720.3027991517,44.93324955542246,3.3195241064625334,CH4,0.5,0.13,35.4,107.6,0,4,4,107,Judy_028_05
12691.585659605998,177.15478852974138,2.990436107923344,CH4,40.0,0.16,39.79,94.46,2,30,30,49,Cormorant_211_23
162667.76400074258,284.8217072128856,3.7832067442352093,N2,500.0,0.23,72.9,145.1,4,9,9,82,Fulmar_030_08
972851.5464320489,104.26124070794101,3.7905908936066153,H2,17.5,0.17,59.4,141.16,1,12,12,73,Fulmar_023_27
313736.1638229302,73.76808211587431,0.36543682237122155,CH4,15.0,0.07,18.0,72.58105,1,15,15,7,Bunter Closure 14
819200.5219115586,189.46120017253014,3.1811410430119835,CO2,43.0,0.12,56.44,125.59,2,35,35,144,Statfjord_003_14
129719.78956249426,194.68743948272606,0.20635687761862076,CH4,15.0,0.14,18.7,75.01,1,8,8,19,Bunter Closure 49
995720.9154778835,18.26137403211447,0.6792013515425858,N2,17.5,0.17,96.6,160.14,1,5,5,63,Fulmar_022_03
133889.905465617,207.67104084044607,1.4750434459495174,CH4,100.0,0.29,7.3,35.36275,2,26,26,3,Bunter Closure 1
1341795.7753462526,316.66562761281295,1.3139658278804969,H2,350.0,0.14,10.3,45.7819,3,0,0,23,Bunter Sandstone Formation Zone 1
13531.617102734841,103.48670551012601,0.8080265823078467,N2,15.0,0.14,18.7,75.01,1,8,8,19,Bunter Closure 49
64463.47160938748,362.61231199514134,2.381408506648499,CO2,40.0,0.16,66.75,103.5,2,31,31,37,Cormorant_003_25
33977.37092853947,123.10704360713468,2.697550472276442,N2,306.6,0.18,75.9,149.3,3,11,11,76,Fulmar_029_02
1410057.4516133228,273.0529988309819,3.3080108836249895,H2,0.5,0.13,35.4,107.6,0,4,4,107,Judy_028_05
158144.4022414979,24.550438920560893,3.9969541411102627,H2,15.0,0.07,18.0,72.58105,1,15,15,7,Bunter Closure 14
378540.3267030669,266.3095036026309,2.478975579115618,H2,350.0,0.14,10.3,45.7819,3,0,0,23,Bunter Sandstone Formation Zone 1
220509.33262061563,313.6183677576435,1.2231737321671434,CH4,5.03,0.13,73.8,153.48,0,3,3,138,Skagerrak_022_15
354780.33507192775,326.67828952137853,2.669130617667777,CO2,15.0,0.14,18.7,75.01,1,8,8,19,Bunter Closure 49
28238.939187976903,264.3110736594115,3.018934806542842,H2,40.0,0.16,48.97,117.06,2,1,1,46,Cormorant_211_12
273236.644900396,131.9831887070008,2.7648680641637546,CO2,306.6,0.18,75.9,149.3,3,11,11,76,Fulmar_029_02
861565.321897021,99.32736535686995,0.02745652615657206,CO2,0.5,0.13,54.1,143.53,0,21,21,116,Judy_029_14b
786215.6095310126,292.23155510630863,2.0515648078129622,H2,5.03,0.13,100.1,168.88,0,22,22,136,Skagerrak_022_03
16784.858265923303,227.86729697435464,1.228971257699522,H2,17.5,0.17,96.6,160.14,1,5,5,63,Fulmar_022_03
333312.7999062477,159.1974240320454,2.002215089582837,N2,5.03,0.13,100.1,168.88,0,22,22,136,Skagerrak_022_03
12543.154681841823,169.69339364126276,0.24349862071540113,H2,0.5,0.13,54.1,143.53,0,21,21,116,Judy_029_14b
866533.100912329,147.19928950163353,3.7693856809446102,CO2,306.6,0.18,29.1,86.3,3,14,14,59,Fulmar_021_28
1357953.6475086291,219.26662904059017,2.7226484187280677,H2,30.0,0.17,80.8,141.34,1,23,23,100,Joanne_030_06
578635.5331742351,68.09224503650262,1.1008601221258805,CH4,1600.0,0.23,48.9,122.61,4,2,2,57,Fulmar_021_24
15092.830078082814,92.91955777762533,0.8719630496092534,CH4,500.0,0.23,72.9,145.1,4,9,9,82,Fulmar_030_08
483199.96337330213,59.15234599841972,0.19549865588934454,CH4,40.0,0.16,66.75,103.5,2,31,31,37,Cormorant_003_25
20162.17139392192,193.1900911072219,3.3211828373034464,H2,0.5,0.13,97.2,187.89,0,7,7,109,Judy_029_03
306397.99687770073,111.2510382768692,0.783956215129323,H2,0.5,0.13,82.3,168.96,0,20,20,108,Judy_029_02
70730.0769263334,17.277837321144233,1.8329698910417396,CO2,1600.0,0.23,29.7,81.29,4,18,18,54,Fulmar_021_16
342528.5697432902,76.08131530673724,0.3258372656944054,CH4,5.0,0.19,27.9,92.69,0,28,28,0,Auk_029_15
203848.73854769365,141.22001465182632,2.06002727616923,N2,306.6,0.18,29.1,86.3,3,14,14,59,Fulmar_021_28
15930.070029483999,315.88427800065585,3.0962913607022227,H2,5.03,0.13,73.8,153.48,0,3,3,138,Skagerrak_022_15
152905.08086080037,223.06429827647895,3.8352458184455873,N2,500.0,0.23,83.0,165.09,4,34,34,81,Fulmar_030_06
985893.3061902109,328.2331263166128,3.9831911506725155,H2,306.6,0.18,75.9,149.3,3,11,11,76,Fulmar_029_02
73604.95390431203,229.87780198694378,2.5954848585571266,H2,5.03,0.13,100.1,168.88,0,22,22,136,Skagerrak_022_03
1067074.556698937,34.63373757579316,3.236600164914671,CO2,0.5,0.13,35.4,107.6,0,4,4,107,Judy_028_05
71741.37837540048,126.72883125655686,2.887052807334571,N2,0.5,0.13,82.3,168.96,0,20,20,108,Judy_029_02
17215.1629951138,247.8799227655527,1.893724822923413,CO2,40.0,0.16,48.97,117.06,2,1,1,46,Cormorant_211_12
17828.073164622623,337.71021735205295,0.33580823715577635,CO2,40.0,0.16,39.79,94.46,2,30,30,49,Cormorant_211_23
886161.0194585316,145.6504996482936,1.8424789858433723,H2,15.0,0.26,16.9,68.7496,1,19,19,4,Bunter Closure 10
18770.523634232155,109.00283181996181,2.6289861279370013,N2,350.0,0.14,10.3,45.7819,3,0,0,23,Bunter Sandstone Formation Zone 1
21072.736139969486,222.46585330306928,3.2123061824225236,N2,40.0,0.16,66.75,103.5,2,31,31,37,Cormorant_003_25
100712.00230419335,262.3575428651958,0.10288301076656704,N2,5.03,0.13,100.1,168.88,0,22,22,136,Skagerrak_022_03
10081.65677355283,149.24441296319952,2.07922551880556,CH4,15.0,0.14,18.7,75.01,1,8,8,19,Bunter Closure 49
223566.05040103133,185.70569416882995,0.665528243179946,N2,500.0,0.23,72.9,145.1,4,9,9,82,Fulmar_030_08
54403.91919705347,334.0553238334381,1.38678664425652,CO2,330.0,0.14,46.2,101.78,3,13,13,127,Nansen_003_02
165642.1108215346,354.7267674273553,0.8925677910291407,CH4,0.5,0.13,82.3,168.96,0,20,20,108,Judy_029_02
94921.57672406457,40.650798982022835,0.5237231939896858,CH4,400.0,0.15,76.0,132.9,4,32,32,50,Darwin_009_14
200138.5158828805,116.5209873167677,2.367676806169263,N2,40.0,0.16,48.97,117.06,2,1,1,46,Cormorant_211_12
27874.240445696854,295.29016106357875,1.4647760867727508,CO2,0.5,0.13,54.1,143.53,0,21,21,116,Judy_029_14b
707100.6274040254,289.9310163803882,1.801300194049698,CH4,100.0,0.15,8.3,38.97,2,16,16,18,Bunter Closure 46
119902.9488115949,65.90600331520326,3.3293223386853845,CO2,15.0,0.14,18.7,75.01,1,8,8,19,Bunter Closure 49
473055.8131251591,164.55450149661095,2.3926740411369702,H2,40.0,0.16,66.75,103.5,2,31,31,37,Cormorant_003_25
564234.8632078512,364.01914222236604,1.988439871561168,H2,330.0,0.14,46.2,101.78,3,13,13,127,Nansen_003_02
1143688.1824097286,51.22793587040415,3.9655147665193513,CO2,1600.0,0.23,48.9,122.61,4,2,2,57,Fulmar_021_24
78654.84041684798,29.243194794108042,0.6962850144408682,CH4,0.5,0.13,82.3,168.96,0,20,20,108,Judy_029_02
93352.58565517525,235.9251532655682,2.2023372488447883,H2,5.03,0.13,100.1,168.88,0,22,22,136,Skagerrak_022_03
40336.030579043414,208.47091992666174,1.897262762755865,H2,30.0,0.17,75.6,176.22,1,33,33,101,Joanne_030_08
194308.78479178122,215.38489144973275,1.2976336914786644,N2,1600.0,0.23,48.9,122.61,4,2,2,57,Fulmar_021_24
291279.97482291085,116.11046609225394,3.696808627389436,CH4,30.0,0.17,80.8,141.34,1,23,23,100,Joanne_030_06
88012.89802418217,330.8092034972237,2.684136492884226,CO2,17.5,0.17,59.4,141.16,1,12,12,73,Fulmar_023_27
13995.48176472164,44.61678829702932,1.2771072077634187,N2,5.03,0.13,73.8,153.48,0,3,3,138,Skagerrak_022_15
199341.93227709888,158.54899322885365,3.0073805113179164,N2,350.0,0.14,10.3,45.7819,3,0,0,23,Bunter Sandstone Formation Zone 1
135683.0199637287,257.28085682917003,2.312554524091643,CH4,0.5,0.13,97.2,187.89,0,7,7,109,Judy_029_03
60357.098720387825,324.9613064605066,2.40673981326946,H2,17.5,0.17,59.4,141.16,1,12,12,73,Fulmar_023_27
47172.89448856617,186.70903331087848,2.742250366190787,CH4,100.0,0.21,13.5,56.88215,2,10,10,14,Bunter Closure 4
83256.47723856547,69.50280379398859,0.21618245816068515,H2,500.0,0.23,83.0,165.09,4,34,34,81,Fulmar_030_06
1107891.1667912535,24.49551941408747,2.654771185339698,H2,1600.0,0.23,48.9,122.61,4,2,2,57,Fulmar_021_24
721284.0326299607,36.327022782753176,1.9794514422823701,N2,100.0,0.29,7.3,35.36275,2,26,26,3,Bunter Closure 1
39900.85724360913,253.00487234364658,1.5309920835464075,H2,40.0,0.16,48.97,117.06,2,1,1,46,Cormorant_211_12
845548.0501777816,195.95799029828694,2.2590576887319553,N2,15.0,0.26,16.9,68.7496,1,19,19,4,Bunter Closure 10
123876.55334994462,295.53791213888195,3.9172167937939473,H2,306.6,0.18,75.9,149.3,3,11,11,76,Fulmar_029_02
881112.5132844454,142.3073978715424,2.356497267474593,N2,5.03,0.13,100.1,168.88,0,22,22,136,Skagerrak_022_03
1253107.4872213365,286.11042650469386,1.137833814290677,CO2,0.5,0.13,54.1,143.53,0,21,21,116,Judy_029_14b
409550.5005003041,345.21566824315744,1.3974341270483723,N2,15.0,0.14,18.7,75.01,1,8,8,19,Bunter Closure 49
604716.7832266581,296.4336569169312,2.1165219220255276,CO2,100.0,0.15,8.3,38.97,2,16,16,18,Bunter Closure 46
14601.175744137729,68.95122144078209,0.11064901566709828,CO2,5.0,0.19,27.9,92.69,0,28,28,0,Auk_029_15
23689.905135057554,287.6480916875164,0.7511415010973399,H2,40.0,0.16,66.75,103.5,2,31,31,37,Cormorant_003_25
66129.71367047397,267.057276182127,1.771934456681774,N2,75.0,0.2,66.19,101.8,2,36,36,90,Hugin_009_14
50483.92482014737,183.18563994523362,1.3401097550986354,H2,350.0,0.14,10.3,45.7819,3,0,0,23,Bunter Sandstone Formation Zone 1
20477.50452397154,346.4519202239744,0.6074653939623883,N2,100.0,0.21,13.5,56.88215,2,10,10,14,Bunter Closure 4
14117.107851904917,278.4939666238993,0.5308991281581676,CO2,330.0,0.14,46.2,101.78,3,13,13,127,Nansen_003_02
192164.25491186726,30.159066254920393,3.9242479593678987,CO2,1600.0,0.23,48.9,122.61,4,2,2,57,Fulmar_021_24
115446.79319803634,285.34015605639047,0.03951735345140622,CH4,0.5,0.13,97.2,187.89,0,7,7,109,Judy_029_03
235348.4011761623,148.3289750217737,2.6017459436194086,N2,400.0,0.15,76.0,132.9,4,32,32,50,Darwin_009_14
86737.70971054051,259.9541684055389,2.449150167969627,CH4,30.0,0.17,75.6,176.22,1,33,33,101,Joanne_030_08
104716.8042096445,32.7099331083452,0.0506997632450704,CO2,500.0,0.23,72.9,145.1,4,9,9,82,Fulmar_030_08
