flow_rate_sm3_day,flow_rate_cap_sm3_day,low_permeability_flow_cap,cycle_length_days,cg_ratio,cg_type,permeability_md,porosity,pressure_mpa,temperature_c,top_depth_m,mean_depth_m,reservoir_stratum,reservoir_cluster,representative_id,source_row_index,source_field_name
92566.12589818226,100000.0,True,62.12990733529406,2.1931312166407086,CH4,50.0,0.15,14.1,59.11375,1403.25,1660.17,0,18,18,11,Bunter Closure 37
50859.33501781672,1500000.0,False,338.9598875017829,3.5921950211869063,H2,1600.0,0.23,34.8,95.01,2260.0,2375.5,3,4,4,55,Fulmar_021_18
13946.901078905214,100000.0,True,173.50418285769558,3.6789750909385956,N2,50.0,0.15,14.1,59.11375,1403.25,1660.17,0,18,18,11,Bunter Closure 37
526628.2051897609,1500000.0,False,359.8256997869887,2.856585880089211,CO2,100.0,0.14,13.7,57.56,1358.94,1539.84,0,1,1,22,Bunter Closure 7
39214.50943601276,1500000.0,False,153.12042134748387,0.26045268640938135,H2,100.0,0.14,13.7,57.56,1358.94,1539.84,0,1,1,22,Bunter Closure 7
112781.84241602445,1500000.0,False,76.79068147951489,1.6794894619511664,N2,306.6,0.18,29.1,86.3,2034.0,2167.5,1,8,8,59,Fulmar_021_28
775527.841197473,1500000.0,False,184.1425715918163,1.5219352980793168,N2,100.0,0.14,13.7,57.56,1358.94,1539.84,0,1,1,22,Bunter Closure 7
1211023.2036216995,1500000.0,False,87.02856998687477,0.8328550310294225,CH4,100.0,0.14,0.7,12.2771,65.06,1591.16,0,16,16,25,Bunter Sandstone Formation Zone 4
137051.61345887234,1500000.0,False,286.94136362708787,0.9722662319701838,H2,271.0,0.22,11.5,49.23,1080.0,1449.75,1,12,12,9,Bunter Closure 35
25384.132860846392,1500000.0,False,48.99168877656858,0.4025356083740604,CH4,100.0,0.19,7.3,35.22,720.61,1102.04,0,5,5,16,Bunter Closure 41
233182.60642630266,1500000.0,False,308.1608081678312,3.1253933971348946,CO2,100.0,0.23,0.2,8.8,20.46,617.17,0,11,11,143,Spilsby Sandstone Formation 1
371129.58909715136,1500000.0,False,25.604371820484385,1.2864842291273257,CH4,306.6,0.18,29.1,86.3,2034.0,2167.5,1,8,8,59,Fulmar_021_28
626449.3138282653,1500000.0,False,27.706055141789395,1.7581847252075928,CO2,500.0,0.23,30.9,94.54,2248.0,2848.65,3,17,17,86,Fulmar_030_29
15750.16990395932,1500000.0,False,172.34511935295163,1.0093385744315373,CO2,100.0,0.21,13.5,56.88215,1339.49,1457.1,0,3,3,14,Bunter Closure 4
1416715.5635173284,1500000.0,False,334.5947186177498,3.6093419215888383,N2,1600.0,0.23,29.7,81.29,2094.0,2196.3,3,14,14,54,Fulmar_021_16
148452.25485535624,1500000.0,False,118.32599017792081,3.045693375168558,H2,1600.0,0.23,34.8,95.01,2260.0,2375.5,3,4,4,55,Fulmar_021_18
75949.11300296152,1500000.0,False,105.16189375650626,0.062400734380199135,CO2,1600.0,0.23,50.7,106.88,2472.0,2840.34,3,10,10,58,Fulmar_021_25
13238.203978889254,1500000.0,False,38.7195790869935,1.4106811931472636,CO2,1600.0,0.23,29.7,81.29,2094.0,2196.3,3,14,14,54,Fulmar_021_16
176200.59647934232,1500000.0,False,209.3099282202226,3.412328673795693,CH4,100.0,0.29,7.3,35.36275,724.65,1297.48,0,7,7,3,Bunter Closure 1
940623.0083950759,1500000.0,False,155.00386250731438,2.0150837594117124,H2,271.0,0.22,11.5,49.23,1080.0,1449.75,1,12,12,9,Bunter Closure 35
19833.144773846776,1500000.0,False,130.20129046328753,0.9314781111481505,H2,100.0,0.14,13.7,57.56,1358.94,1539.84,0,1,1,22,Bunter Closure 7
738089.5696807115,1500000.0,False,347.7064277393595,2.211571364794736,H2,306.6,0.18,29.1,86.3,2034.0,2167.5,1,8,8,59,Fulmar_021_28
28767.198844810904,1500000.0,False,239.12862703116005,2.9197534573234565,N2,350.0,0.16,13.3,56.29345,1322.67,1847.3,2,19,19,24,Bunter Sandstone Formation Zone 2
16106.607928027759,1500000.0,False,162.67336155968067,1.356731770850203,CO2,100.0,0.14,13.7,57.56,1358.94,1539.84,0,1,1,22,Bunter Closure 7
498872.0798389468,1500000.0,False,96.67177448092254,0.4555335780664875,N2,330.0,0.14,17.3,60.43,1589.0,2504.62,2,13,13,129,Nansen_210_25
48575.827071408494,1500000.0,False,230.71189718204775,2.234704667882185,N2,100.0,0.21,13.5,56.88215,1339.49,1457.1,0,3,3,14,Bunter Closure 4
42953.08308376857,1500000.0,False,138.4057034572073,2.338685491677381,H2,1600.0,0.23,29.7,81.29,2094.0,2196.3,3,14,14,54,Fulmar_021_16
280225.7942296768,1500000.0,False,96.96655768996445,1.6306642166407384,N2,500.0,0.23,30.9,94.54,2248.0,2848.65,3,17,17,86,Fulmar_030_29
45402.59890355638,1500000.0,False,221.02678640173548,1.7782211251952282,H2,100.0,0.29,7.3,35.36275,724.65,1297.48,0,7,7,3,Bunter Closure 1
951114.6512666238,1500000.0,False,150.7767872111184,1.9239916417991731,CH4,100.0,0.16,8.9,41.12,889.06,1067.15,0,9,9,17,Bunter Closure 42
699298.3404810441,1500000.0,False,353.2791830966954,1.2924307497954077,CO2,306.6,0.18,29.1,86.3,2034.0,2167.5,1,8,8,59,Fulmar_021_28
748397.6090892361,1500000.0,False,175.2483385134182,2.2669577392550493,CO2,470.0,0.22,23.88,79.71,2241.0,3300.75,3,0,0,147,Statfjord_009_24
27142.10819044085,1500000.0,False,268.0624697566401,3.407055952783036,N2,100.0,0.16,8.9,41.12,889.06,1067.15,0,9,9,17,Bunter Closure 42
411932.01146951807,1500000.0,False,351.02417635512325,2.834402342929514,CO2,250.0,0.15,8.1,36.0,800.0,2099.42,1,15,15,131,Orrin_012_26
772129.4161263398,1500000.0,False,277.2716381831019,3.5457699927682738,CO2,100.0,0.29,7.3,35.36275,724.65,1297.48,0,7,7,3,Bunter Closure 1
19079.4661847946,100000.0,True,155.48854822549507,1.2618220675052387,H2,50.0,0.15,14.1,59.11375,1403.25,1660.17,0,18,18,11,Bunter Closure 37
59466.03431936615,1500000.0,False,245.7283731176262,2.324353789681331,N2,100.0,0.21,13.5,56.88215,1339.49,1457.1,0,3,3,14,Bunter Closure 4
1482034.638613299,1500000.0,False,250.35921844984625,0.37136624344846486,N2,100.0,0.16,8.9,41.12,889.06,1067.15,0,9,9,17,Bunter Closure 42
49611.21411549627,1500000.0,False,177.66665677256714,3.5139318437613185,CH4,350.0,0.14,10.3,45.7819,1022.34,1421.13,2,2,2,23,Bunter Sandstone Formation Zone 1
334568.33091855905,1500000.0,False,47.39267068607788,1.0909815292743803,H2,100.0,0.14,0.7,12.2771,65.06,1591.16,0,16,16,25,Bunter Sandstone Formation Zone 4
64689.203534971886,100000.0,True,120.94980768570852,1.3353244454308808,N2,50.0,0.15,14.1,59.11375,1403.25,1660.17,0,18,18,11,Bunter Closure 37
152049.14249657153,1500000.0,False,156.47678684994895,0.7640480734460439,CH4,1600.0,0.23,29.7,81.29,2094.0,2196.3,3,14,14,54,Fulmar_021_16
95974.89217918842,1500000.0,False,274.34054401941603,1.6951727762582196,CO2,100.0,0.23,0.2,8.8,20.46,617.17,0,11,11,143,Spilsby Sandstone Formation 1
193058.30502000445,1500000.0,False,282.0442437360871,0.18459903905298564,CO2,306.6,0.18,41.4,100.47,2402.0,2759.0,1,6,6,61,Fulmar_021_30
300063.5009438915,1500000.0,False,259.4564973972166,0.8512726760681487,CO2,470.0,0.22,23.88,79.71,2241.0,3300.75,3,0,0,147,Statfjord_009_24
41300.412779224454,100000.0,True,319.3990914323045,0.7081415725044568,CO2,50.0,0.15,14.1,59.11375,1403.25,1660.17,0,18,18,11,Bunter Closure 37
228468.60060285433,1500000.0,False,341.0739235400544,3.620106733353295,H2,250.0,0.15,8.1,36.0,800.0,2099.42,1,15,15,131,Orrin_012_26
22183.953949746894,1500000.0,False,334.8576458286076,1.4274261755809914,CH4,350.0,0.16,13.3,56.29345,1322.67,1847.3,2,19,19,24,Bunter Sandstone Formation Zone 2
74598.13566503477,1500000.0,False,74.88658308450948,2.6373474480212593,CH4,1600.0,0.23,29.7,81.29,2094.0,2196.3,3,14,14,54,Fulmar_021_16
288447.8224676879,1500000.0,False,166.02588415486588,2.8958271033609573,N2,306.6,0.18,41.4,100.47,2402.0,2759.0,1,6,6,61,Fulmar_021_30
730281.210897357,1500000.0,False,271.7068951381685,3.5268780072880115,CH4,350.0,0.16,13.3,56.29345,1322.67,1847.3,2,19,19,24,Bunter Sandstone Formation Zone 2
180040.1977644897,1500000.0,False,71.48777982972291,2.9226220792556816,CH4,500.0,0.23,30.9,94.54,2248.0,2848.65,3,17,17,86,Fulmar_030_29
1176020.5151093518,1500000.0,False,303.4630853104463,3.722184043085705,H2,306.6,0.18,41.4,100.47,2402.0,2759.0,1,6,6,61,Fulmar_021_30
344609.5567923087,1500000.0,False,319.2943658559389,1.6486719052388992,CH4,306.6,0.18,41.4,100.47,2402.0,2759.0,1,6,6,61,Fulmar_021_30
79414.50768942389,1500000.0,False,31.523736385564323,2.547561180244868,CO2,350.0,0.16,13.3,56.29345,1322.67,1847.3,2,19,19,24,Bunter Sandstone Formation Zone 2
91246.87820367633,1500000.0,False,225.42148760032103,2.8095339882234858,H2,100.0,0.23,0.2,8.8,20.46,617.17,0,11,11,143,Spilsby Sandstone Formation 1
178668.63475011746,1500000.0,False,51.941064624661045,0.3096726572948791,CO2,100.0,0.19,7.3,35.22,720.61,1102.04,0,5,5,16,Bunter Closure 41
263585.8307853712,1500000.0,False,46.112312506421546,3.8005116514396082,N2,100.0,0.14,13.7,57.56,1358.94,1539.84,0,1,1,22,Bunter Closure 7
555275.8511560174,1500000.0,False,178.93847274518657,0.7725192235199756,H2,306.6,0.18,41.4,100.47,2402.0,2759.0,1,6,6,61,Fulmar_021_30
26435.947894065965,1500000.0,False,166.41004255908905,3.8180111358443445,N2,100.0,0.19,7.3,35.22,720.61,1102.04,0,5,5,16,Bunter Closure 41
252277.23467209275,1500000.0,False,214.1448004589321,3.8998491331169083,H2,306.6,0.18,41.4,100.47,2402.0,2759.0,1,6,6,61,Fulmar_021_30
435911.0000679731,1500000.0,False,256.35004727265806,1.0507067098946579,N2,100.0,0.21,13.5,56.88215,1339.49,1457.1,0,3,3,14,Bunter Closure 4
52581.8753582354,1500000.0,False,165.5656843990208,1.162025683109208,CH4,100.0,0.16,8.9,41.12,889.06,1067.15,0,9,9,17,Bunter Closure 42
326149.8928904512,1500000.0,False,248.51235716832528,3.0300722353999543,CO2,350.0,0.14,10.3,45.7819,1022.34,1421.13,2,2,2,23,Bunter Sandstone Formation Zone 1
121104.19357637613,1500000.0,False,233.14255890416834,1.9107737254670039,N2,100.0,0.23,0.2,8.8,20.46,617.17,0,11,11,143,Spilsby Sandstone Formation 1
419356.9749956365,1500000.0,False,355.4532332803524,1.8570035036733001,CO2,1600.0,0.23,34.8,95.01,2260.0,2375.5,3,4,4,55,Fulmar_021_18
1452712.8964143656,1500000.0,False,152.07615278162413,1.7617807612940706,CH4,1600.0,0.23,34.8,95.01,2260.0,2375.5,3,4,4,55,Fulmar_021_18
918241.5324673456,1500000.0,False,345.694479687286,0.63884881997959,CH4,1600.0,0.23,50.7,106.88,2472.0,2840.34,3,10,10,58,Fulmar_021_25
52477.37797248336,100000.0,True,140.9007814669408,0.5029454222577079,CH4,50.0,0.15,14.1,59.11375,1403.25,1660.17,0,18,18,11,Bunter Closure 37
338079.5893126176,1500000.0,False,26.55047358175077,2.1799493605470346,H2,500.0,0.23,30.9,94.54,2248.0,2848.65,3,17,17,86,Fulmar_030_29
902527.7755389324,1500000.0,False,208.04605614032695,1.7264017947867196,H2,100.0,0.19,7.3,35.22,720.61,1102.04,0,5,5,16,Bunter Closure 41
106651.64541047512,1500000.0,False,237.4357841950097,0.9060881279686757,N2,1600.0,0.23,34.8,95.01,2260.0,2375.5,3,4,4,55,Fulmar_021_18
34950.42229107277,1500000.0,False,82.70912482983746,0.14457949959194796,CH4,100.0,0.23,0.2,8.8,20.46,617.17,0,11,11,143,Spilsby Sandstone Formation 1
28526.52242974091,1500000.0,False,21.51073401836978,3.7480913276371877,H2,250.0,0.15,8.1,36.0,800.0,2099.42,1,15,15,131,Orrin_012_26
14981.475113999462,1500000.0,False,137.583152473553,0.7897084301849436,CH4,271.0,0.22,11.5,49.23,1080.0,1449.75,1,12,12,9,Bunter Closure 35
65190.66006026727,1500000.0,False,361.4725486370468,2.6195584156613854,CH4,100.0,0.19,7.3,35.22,720.61,1102.04,0,5,5,16,Bunter Closure 41
569537.8112692246,1500000.0,False,60.25766002256697,0.9828772832234887,N2,500.0,0.23,30.9,94.54,2248.0,2848.65,3,17,17,86,Fulmar_030_29
794474.017141483,1500000.0,False,226.7297051976755,0.563231659574125,N2,100.0,0.21,13.5,56.88215,1339.49,1457.1,0,3,3,14,Bunter Closure 4
126297.1854194145,1500000.0,False,160.8553386372397,3.5002609471875576,N2,250.0,0.15,8.1,36.0,800.0,2099.42,1,15,15,131,Orrin_012_26
1217957.6145615336,1500000.0,False,205.63347857764816,3.9111268480258743,CO2,306.6,0.18,41.4,100.47,2402.0,2759.0,1,6,6,61,Fulmar_021_30
1458065.6184195308,1500000.0,False,291.43263440399573,2.870138874064269,CO2,1600.0,0.23,50.7,106.88,2472.0,2840.34,3,10,10,58,Fulmar_021_25
422091.15899797453,1500000.0,False,236.81057689386859,0.0730580883697919,N2,100.0,0.14,0.7,12.2771,65.06,1591.16,0,16,16,25,Bunter Sandstone Formation Zone 4
99627.0215263858,1500000.0,False,29.856374758369874,3.6450065276527424,H2,100.0,0.16,8.9,41.12,889.06,1067.15,0,9,9,17,Bunter Closure 42
637238.8254167566,1500000.0,False,356.11834442004283,3.0650600749459813,CO2,271.0,0.22,11.5,49.23,1080.0,1449.75,1,12,12,9,Bunter Closure 35
32590.588761744646,100000.0,True,27.164016626808145,3.062106701096019,CO2,50.0,0.15,14.1,59.11375,1403.25,1660.17,0,18,18,11,Bunter Closure 37
37635.13555294008,1500000.0,False,311.77676872807643,1.879157775361167,CH4,1600.0,0.23,34.8,95.01,2260.0,2375.5,3,4,4,55,Fulmar_021_18
22729.46901171306,1500000.0,False,239.62670756804297,0.43883061404645846,CO2,271.0,0.22,11.5,49.23,1080.0,1449.75,1,12,12,9,Bunter Closure 35
752581.8820782107,1500000.0,False,156.9901450589053,1.022849024536231,CH4,306.6,0.18,29.1,86.3,2034.0,2167.5,1,8,8,59,Fulmar_021_28
170612.79730104934,1500000.0,False,306.61779673063984,0.42172223934129655,CH4,100.0,0.21,13.5,56.88215,1339.49,1457.1,0,3,3,14,Bunter Closure 4
1086808.0959476058,1500000.0,False,251.19492597530694,2.6958308158693085,CO2,100.0,0.19,7.3,35.22,720.61,1102.04,0,5,5,16,Bunter Closure 41
70539.84484737722,1500000.0,False,201.31140168740302,1.8875729445389824,CH4,1600.0,0.23,29.7,81.29,2094.0,2196.3,3,14,14,54,Fulmar_021_16
10142.186661777603,1500000.0,False,283.79213840218677,0.6288509563453438,CH4,330.0,0.14,17.3,60.43,1589.0,2504.62,2,13,13,129,Nansen_210_25
496554.8484434202,1500000.0,False,212.31182258161041,2.936999960462123,N2,100.0,0.14,13.7,57.56,1358.94,1539.84,0,1,1,22,Bunter Closure 7
23473.800884097618,1500000.0,False,288.45148050646696,1.606548012723228,CO2,100.0,0.21,13.5,56.88215,1339.49,1457.1,0,3,3,14,Bunter Closure 4
106190.26812775443,1500000.0,False,182.3049299217658,1.0674301387860579,H2,100.0,0.21,13.5,56.88215,1339.49,1457.1,0,3,3,14,Bunter Closure 4
439858.8574491211,1500000.0,False,124.17942360781083,0.7410110868923234,N2,100.0,0.29,7.3,35.36275,724.65,1297.48,0,7,7,3,Bunter Closure 1
294278.2892725184,1500000.0,False,254.0126263241616,3.5613323315696914,H2,100.0,0.21,13.5,56.88215,1339.49,1457.1,0,3,3,14,Bunter Closure 4
22506.120326078675,1500000.0,False,358.0327610079493,3.8952070948673607,H2,100.0,0.21,13.5,56.88215,1339.49,1457.1,0,3,3,14,Bunter Closure 4
362044.6480241895,1500000.0,False,89.1823374929628,1.4881634345553072,H2,100.0,0.29,7.3,35.36275,724.65,1297.48,0,7,7,3,Bunter Closure 1
67940.45960407863,1500000.0,False,247.21880676637852,2.4828601337920353,CH4,306.6,0.18,29.1,86.3,2034.0,2167.5,1,8,8,59,Fulmar_021_28
27953.87425775562,100000.0,True,16.01154434969397,2.2757114557124187,CH4,50.0,0.15,14.1,59.11375,1403.25,1660.17,0,18,18,11,Bunter Closure 37
834500.6537045221,1500000.0,False,41.47798435482596,2.6762976050752516,CH4,100.0,0.16,8.9,41.12,889.06,1067.15,0,9,9,17,Bunter Closure 42
10901.685848183706,1500000.0,False,56.37302658359155,0.9018682934599932,H2,100.0,0.14,13.7,57.56,1358.94,1539.84,0,1,1,22,Bunter Closure 7
13488.298793727039,1500000.0,False,307.10053015363536,1.9166648850512409,CH4,1600.0,0.23,29.7,81.29,2094.0,2196.3,3,14,14,54,Fulmar_021_16
189901.9715139939,1500000.0,False,305.7740067092992,1.7490688604013902,N2,470.0,0.22,23.88,79.71,2241.0,3300.75,3,0,0,147,Statfjord_009_24
49042.398272613085,1500000.0,False,305.06361621603173,3.4585140532363527,CH4,330.0,0.14,17.3,60.43,1589.0,2504.62,2,13,13,129,Nansen_210_25
109365.30317798356,1500000.0,False,244.29190173544583,3.8406692158436946,CH4,350.0,0.16,13.3,56.29345,1322.67,1847.3,2,19,19,24,Bunter Sandstone Formation Zone 2
56909.759225330235,1500000.0,False,241.21749043408673,3.66771652168136,H2,100.0,0.23,0.2,8.8,20.46,617.17,0,11,11,143,Spilsby Sandstone Formation 1
240049.5801034348,1500000.0,False,191.8498836869268,3.9455648653764235,CO2,100.0,0.19,7.3,35.22,720.61,1102.04,0,5,5,16,Bunter Closure 41
250659.55611458147,1500000.0,False,203.09569182425412,0.3976947550865403,CH4,350.0,0.14,10.3,45.7819,1022.34,1421.13,2,2,2,23,Bunter Sandstone Formation Zone 1
206782.0867980838,1500000.0,False,263.06791197562575,1.594441614969452,CH4,350.0,0.14,10.3,45.7819,1022.34,1421.13,2,2,2,23,Bunter Sandstone Formation Zone 1
759887.015943976,1500000.0,False,49.70926380821432,0.9950849620756647,CH4,100.0,0.29,7.3,35.36275,724.65,1297.48,0,7,7,3,Bunter Closure 1
30692.380102252675,1500000.0,False,318.1585476289535,0.8233240542494118,CO2,1600.0,0.23,29.7,81.29,2094.0,2196.3,3,14,14,54,Fulmar_021_16
32320.95288942668,1500000.0,False,336.82353963311346,2.5603289580327275,CH4,271.0,0.22,11.5,49.23,1080.0,1449.75,1,12,12,9,Bunter Closure 35
270853.6153178255,1500000.0,False,14.28523523286462,2.0657390071629638,H2,100.0,0.14,0.7,12.2771,65.06,1591.16,0,16,16,25,Bunter Sandstone Formation Zone 4
149961.91493789872,1500000.0,False,168.4778890019022,3.2779729331692864,CH4,350.0,0.16,13.3,56.29345,1322.67,1847.3,2,19,19,24,Bunter Sandstone Formation Zone 2
32759.8271517879,1500000.0,False,171.8832754633098,2.979070674399807,CH4,250.0,0.15,8.1,36.0,800.0,2099.42,1,15,15,131,Orrin_012_26
122264.43309762479,1500000.0,False,170.14940467074632,2.155420555887729,H2,1600.0,0.23,34.8,95.01,2260.0,2375.5,3,4,4,55,Fulmar_021_18
81645.12839928133,1500000.0,False,234.7631124935898,3.4258886128799473,N2,330.0,0.14,17.3,60.43,1589.0,2504.62,2,13,13,129,Nansen_210_25
23251.825507903108,1500000.0,False,223.55250844266604,0.731203252467819,H2,100.0,0.23,0.2,8.8,20.46,617.17,0,11,11,143,Spilsby Sandstone Formation 1
358119.88092570356,1500000.0,False,131.14994702087222,1.255063171472799,CO2,1600.0,0.23,29.7,81.29,2094.0,2196.3,3,14,14,54,Fulmar_021_16
117558.80799435065,1500000.0,False,93.56617997390154,3.196651133593677,CH4,306.6,0.18,41.4,100.47,2402.0,2759.0,1,6,6,61,Fulmar_021_30
174322.8076462162,1500000.0,False,135.67679554785735,1.541330897933374,CH4,100.0,0.16,8.9,41.12,889.06,1067.15,0,9,9,17,Bunter Closure 42
254798.74272101955,1500000.0,False,184.7527024327564,2.1098357204727187,H2,350.0,0.16,13.3,56.29345,1322.67,1847.3,2,19,19,24,Bunter Sandstone Formation Zone 2
670396.3289739809,1500000.0,False,125.3972631338966,2.254739106811,N2,100.0,0.14,13.7,57.56,1358.94,1539.84,0,1,1,22,Bunter Closure 7
12828.07182036658,1500000.0,False,192.35283852071024,2.1404967677024103,N2,500.0,0.23,30.9,94.54,2248.0,2848.65,3,17,17,86,Fulmar_030_29
10369.085421260566,1500000.0,False,198.1137606325085,2.4435760554779766,CH4,1600.0,0.23,50.7,106.88,2472.0,2840.34,3,10,10,58,Fulmar_021_25
155874.8111778548,1500000.0,False,363.0482283512756,0.3161650434870037,CH4,1600.0,0.23,29.7,81.29,2094.0,2196.3,3,14,14,54,Fulmar_021_16
261320.52124247706,1500000.0,False,323.5913846554632,0.6502579181119709,N2,250.0,0.15,8.1,36.0,800.0,2099.42,1,15,15,131,Orrin_012_26
67162.53628212804,1500000.0,False,20.234828038793637,3.5691957305664737,CO2,350.0,0.16,13.3,56.29345,1322.67,1847.3,2,19,19,24,Bunter Sandstone Formation Zone 2
25487.808467073286,1500000.0,False,114.30041098180877,2.0352939360002464,H2,1600.0,0.23,50.7,106.88,2472.0,2840.34,3,10,10,58,Fulmar_021_25
348368.418797158,1500000.0,False,128.41736351450618,3.388365456305266,CO2,100.0,0.23,0.2,8.8,20.46,617.17,0,11,11,143,Spilsby Sandstone Formation 1
39537.47207419064,1500000.0,False,199.12065796420845,1.1323316153456118,CO2,1600.0,0.23,50.7,106.88,2472.0,2840.34,3,10,10,58,Fulmar_021_25
14716.68812357298,1500000.0,False,309.3300469712073,3.4406524648358756,N2,100.0,0.23,0.2,8.8,20.46,617.17,0,11,11,143,Spilsby Sandstone Formation 1
83871.52547034534,1500000.0,False,19.53836693548073,1.6400237227372996,N2,1600.0,0.23,29.7,81.29,2094.0,2196.3,3,14,14,54,Fulmar_021_16
17373.838574578742,1500000.0,False,102.25269627661943,3.4813048273627123,N2,330.0,0.14,17.3,60.43,1589.0,2504.62,2,13,13,129,Nansen_210_25
103179.96340223032,1500000.0,False,219.6866284792071,1.6826745221111479,CO2,330.0,0.14,17.3,60.43,1589.0,2504.62,2,13,13,129,Nansen_210_25
1059955.3975043048,1500000.0,False,255.42451060965715,0.336823732808827,CO2,1600.0,0.23,50.7,106.88,2472.0,2840.34,3,10,10,58,Fulmar_021_25
37154.352638071934,1500000.0,False,48.22893870325512,1.518855824998667,H2,100.0,0.23,0.2,8.8,20.46,617.17,0,11,11,143,Spilsby Sandstone Formation 1
660973.1823707983,1500000.0,False,119.86286063249655,0.9847148941829529,CH4,100.0,0.21,13.5,56.88215,1339.49,1457.1,0,3,3,14,Bunter Closure 4
103646.46788870438,1500000.0,False,108.74461377723273,0.3599565613269704,CH4,100.0,0.16,8.9,41.12,889.06,1067.15,0,9,9,17,Bunter Closure 42
44045.15959824322,1500000.0,False,134.3186405252913,0.04158814551312468,N2,100.0,0.29,7.3,35.36275,724.65,1297.48,0,7,7,3,Bunter Closure 1
54893.74927479936,100000.0,True,243.659714992268,0.4155421444787739,CH4,50.0,0.15,14.1,59.11375,1403.25,1660.17,0,18,18,11,Bunter Closure 37
609903.4276049712,1500000.0,False,54.064687608019064,1.6578231328071649,N2,306.6,0.18,29.1,86.3,2034.0,2167.5,1,8,8,59,Fulmar_021_28
268429.1643535119,1500000.0,False,162.93773788650392,2.8236787896036235,H2,350.0,0.16,13.3,56.29345,1322.67,1847.3,2,19,19,24,Bunter Sandstone Formation Zone 2
47649.9314565009,1500000.0,False,37.78030357712744,1.147963752078456,H2,350.0,0.14,10.3,45.7819,1022.34,1421.13,2,2,2,23,Bunter Sandstone Formation Zone 1
15581.347683835056,1500000.0,False,73.22773168510736,0.3851909512019045,N2,500.0,0.23,30.9,94.54,2248.0,2848.65,3,17,17,86,Fulmar_030_29
15362.727704633566,1500000.0,False,321.66229599346156,3.4784556680730487,N2,100.0,0.19,7.3,35.22,720.61,1102.04,0,5,5,16,Bunter Closure 41
22011.215584498234,1500000.0,False,346.9516469025085,3.824158361720811,CO2,330.0,0.14,17.3,60.43,1589.0,2504.62,2,13,13,129,Nansen_210_25
125441.3235561187,1500000.0,False,357.9417407788761,3.7950695282405795,N2,306.6,0.18,29.1,86.3,2034.0,2167.5,1,8,8,59,Fulmar_021_28
11273.061411559731,1500000.0,False,63.9233297106205,3.682323373719195,CH4,100.0,0.19,7.3,35.22,720.61,1102.04,0,5,5,16,Bunter Closure 41
98071.7963354516,1500000.0,False,179.6076118539114,1.1105317341689573,H2,100.0,0.29,7.3,35.36275,724.65,1297.48,0,7,7,3,Bunter Closure 1
33292.685447101816,1500000.0,False,272.7160904289941,0.46572735241326874,CO2,1600.0,0.23,29.7,81.29,2094.0,2196.3,3,14,14,54,Fulmar_021_16
385280.3447498795,1500000.0,False,144.17016596872904,2.5268389579626795,CH4,250.0,0.15,8.1,36.0,800.0,2099.42,1,15,15,131,Orrin_012_26
22756.940704547036,1500000.0,False,191.39445747197465,1.9713758622735398,CO2,470.0,0.22,23.88,79.71,2241.0,3300.75,3,0,0,147,Statfjord_009_24
18560.960568470346,100000.0,True,190.4482383250178,3.984475244722436,N2,50.0,0.15,14.1,59.11375,1403.25,1660.17,0,18,18,11,Bunter Closure 37
12079.40198690345,1500000.0,False,118.94313637761024,2.7167677248740736,CO2,1600.0,0.23,34.8,95.01,2260.0,2375.5,3,4,4,55,Fulmar_021_18
401690.61058483314,1500000.0,False,151.50830929660918,2.710927243121018,CH4,100.0,0.16,8.9,41.12,889.06,1067.15,0,9,9,17,Bunter Closure 42
87743.18015931969,1500000.0,False,107.1520973681599,3.1405767742905493,N2,1600.0,0.23,50.7,106.88,2472.0,2840.34,3,10,10,58,Fulmar_021_25
54057.96792362615,1500000.0,False,217.13449035957237,1.5887055128273155,CH4,100.0,0.16,8.9,41.12,889.06,1067.15,0,9,9,17,Bunter Closure 42
69589.59513318044,1500000.0,False,252.52722477425874,0.9152935500127279,N2,100.0,0.16,8.9,41.12,889.06,1067.15,0,9,9,17,Bunter Closure 42
811387.486424727,1500000.0,False,112.25468599633729,2.9086527996467453,CH4,100.0,0.21,13.5,56.88215,1339.49,1457.1,0,3,3,14,Bunter Closure 4
248305.9213944111,1500000.0,False,359.22563380652065,2.1314203365350233,CH4,100.0,0.21,13.5,56.88215,1339.49,1457.1,0,3,3,14,Bunter Closure 4
11441.111358134725,1500000.0,False,309.75119446886055,0.5388164121423903,CO2,306.6,0.18,41.4,100.47,2402.0,2759.0,1,6,6,61,Fulmar_021_30
13690.84749631446,1500000.0,False,140.1380176654195,0.2737005422241124,CO2,271.0,0.22,11.5,49.23,1080.0,1449.75,1,12,12,9,Bunter Closure 35
58022.19397278038,1500000.0,False,117.59314442698371,1.5789919001524715,CH4,250.0,0.15,8.1,36.0,800.0,2099.42,1,15,15,131,Orrin_012_26
1494588.4181742074,1500000.0,False,102.79405705028606,2.5781063544921423,H2,1600.0,0.23,29.7,81.29,2094.0,2196.3,3,14,14,54,Fulmar_021_16
597289.4760540676,1500000.0,False,136.90541784749877,2.243970936598535,H2,100.0,0.16,8.9,41.12,889.06,1067.15,0,9,9,17,Bunter Closure 42
24515.011108314244,1500000.0,False,84.34049097164379,1.0054843944660463,CH4,250.0,0.15,8.1,36.0,800.0,2099.42,1,15,15,131,Orrin_012_26
167367.46153518854,1500000.0,False,50.85911256414477,3.3670731462053176,N2,100.0,0.21,13.5,56.88215,1339.49,1457.1,0,3,3,14,Bunter Closure 4
18231.287363900938,1500000.0,False,52.720920765850295,1.7435554566647449,N2,1600.0,0.23,29.7,81.29,2094.0,2196.3,3,14,14,54,Fulmar_021_16
146272.82283331468,1500000.0,False,70.62744071156791,1.9346160444384672,H2,100.0,0.19,7.3,35.22,720.61,1102.04,0,5,5,16,Bunter Closure 41
101938.9657371129,1500000.0,False,364.478629818159,1.7038825372515194,CO2,1600.0,0.23,29.7,81.29,2094.0,2196.3,3,14,14,54,Fulmar_021_16
10962.808187253444,1500000.0,False,49.902703287450656,0.4610219074144676,CO2,500.0,0.23,30.9,94.54,2248.0,2848.65,3,17,17,86,Fulmar_030_29
65041.35488311056,1500000.0,False,179.95221003362255,0.6630426195530809,N2,100.0,0.14,0.7,12.2771,65.06,1591.16,0,16,16,25,Bunter Sandstone Formation Zone 4
1151718.433638333,1500000.0,False,97.56718271500752,3.2880362842193307,CH4,100.0,0.16,8.9,41.12,889.06,1067.15,0,9,9,17,Bunter Closure 42
20213.644217821096,1500000.0,False,100.12770502003562,3.3784986796066714,H2,1600.0,0.23,50.7,106.88,2472.0,2840.34,3,10,10,58,Fulmar_021_25
131762.86591857602,1500000.0,False,197.65173512999507,3.338872890923311,N2,271.0,0.22,11.5,49.23,1080.0,1449.75,1,12,12,9,Bunter Closure 35
1035175.1005794726,1500000.0,False,245.5132415236612,3.2277992935762616,CO2,306.6,0.18,29.1,86.3,2034.0,2167.5,1,8,8,59,Fulmar_021_28
24357.43591298513,1500000.0,False,20.903533378750673,0.6173095656755981,N2,100.0,0.14,0.7,12.2771,65.06,1591.16,0,16,16,25,Bunter Sandstone Formation Zone 4
307959.57836197456,1500000.0,False,297.919709461524,2.841287442152946,CH4,100.0,0.14,13.7,57.56,1358.94,1539.84,0,1,1,22,Bunter Closure 7
17884.16664313919,1500000.0,False,341.7345996862247,0.9484140350939652,CO2,100.0,0.23,0.2,8.8,20.46,617.17,0,11,11,143,Spilsby Sandstone Formation 1
29993.80259888003,1500000.0,False,22.36780540288038,3.297957358617642,H2,250.0,0.15,8.1,36.0,800.0,2099.42,1,15,15,131,Orrin_012_26
19098.707530796455,1500000.0,False,231.29053249219834,0.48679461620949405,H2,250.0,0.15,8.1,36.0,800.0,2099.42,1,15,15,131,Orrin_012_26
210027.4500850892,1500000.0,False,188.16121325724632,2.807642807288206,H2,500.0,0.23,30.9,94.54,2248.0,2848.65,3,17,17,86,Fulmar_030_29
59982.871863475186,1500000.0,False,38.3649743501192,1.0600784196607873,CO2,271.0,0.22,11.5,49.23,1080.0,1449.75,1,12,12,9,Bunter Closure 35
31159.931238728168,1500000.0,False,15.057710436952831,2.439327077323545,H2,1600.0,0.23,29.7,81.29,2094.0,2196.3,3,14,14,54,Fulmar_021_16
619496.2933998157,1500000.0,False,335.6258009538967,2.7308992903961724,N2,350.0,0.14,10.3,45.7819,1022.34,1421.13,2,2,2,23,Bunter Sandstone Formation Zone 1
276757.4885139973,1500000.0,False,275.3755173147434,2.217896775847684,N2,100.0,0.23,0.2,8.8,20.46,617.17,0,11,11,143,Spilsby Sandstone Formation 1
984116.9105875368,1500000.0,False,167.48064091377728,2.5556837805179065,H2,350.0,0.14,10.3,45.7819,1022.34,1421.13,2,2,2,23,Bunter Sandstone Formation Zone 1
10798.027663453659,1500000.0,False,35.1691758309524,0.06813941993130164,N2,250.0,0.15,8.1,36.0,800.0,2099.42,1,15,15,131,Orrin_012_26
314889.1968347961,1500000.0,False,101.15188510714943,2.419961668136772,CH4,470.0,0.22,23.88,79.71,2241.0,3300.75,3,0,0,147,Statfjord_009_24
1228686.973257956,1500000.0,False,94.31783899374304,0.7131978056093302,N2,306.6,0.18,41.4,100.47,2402.0,2759.0,1,6,6,61,Fulmar_021_30
13872.02011224698,1500000.0,False,55.769830495110895,0.5717487116719634,CO2,306.6,0.18,29.1,86.3,2034.0,2167.5,1,8,8,59,Fulmar_021_28
110679.4299001061,1500000.0,False,122.53021614029552,1.9926612986195866,CO2,306.6,0.18,29.1,86.3,2034.0,2167.5,1,8,8,59,Fulmar_021_28
558254.0407122622,1500000.0,False,323.45739037912927,0.8772891549151232,CH4,100.0,0.29,7.3,35.36275,724.65,1297.48,0,7,7,3,Bunter Closure 1
533313.4890845871,1500000.0,False,350.9425741614774,0.5765803163319677,CO2,100.0,0.14,13.7,57.56,1358.94,1539.84,0,1,1,22,Bunter Closure 7
725743.9726129487,1500000.0,False,129.6141103791606,3.9392121824675383,CO2,350.0,0.14,10.3,45.7819,1022.34,1421.13,2,2,2,23,Bunter Sandstone Formation Zone 1
1099364.6474749034,1500000.0,False,361.99682848116623,1.6663757322744088,CO2,250.0,0.15,8.1,36.0,800.0,2099.42,1,15,15,131,Orrin_012_26
245437.05097026538,1500000.0,False,260.41477222482513,2.955037138322736,CO2,350.0,0.14,10.3,45.7819,1022.34,1421.13,2,2,2,23,Bunter Sandstone Formation Zone 1
27383.70714629516,1500000.0,False,257.7614743406448,2.1847733770242876,N2,330.0,0.14,17.3,60.43,1589.0,2504.62,2,13,13,129,Nansen_210_25
72936.97054158557,1500000.0,False,241.47382572106835,1.9537439586340946,N2,470.0,0.22,23.88,79.71,2241.0,3300.75,3,0,0,147,Statfjord_009_24
29259.25297738597,1500000.0,False,352.9858989420291,1.1541406919760497,N2,330.0,0.14,17.3,60.43,1589.0,2504.62,2,13,13,129,Nansen_210_25
10467.562586239217,1500000.0,False,330.21372113070726,1.0427671807241412,H2,350.0,0.16,13.3,56.29345,1322.67,1847.3,2,19,19,24,Bunter Sandstone Formation Zone 2
1004928.8826387308,1500000.0,False,60.342826186835005,2.4616941740360967,H2,250.0,0.15,8.1,36.0,800.0,2099.42,1,15,15,131,Orrin_012_26
16220.472994834869,1500000.0,False,64.71951155636944,2.4932280571094956,N2,100.0,0.14,0.7,12.2771,65.06,1591.16,0,16,16,25,Bunter Sandstone Formation Zone 4
58856.87530955917,1500000.0,False,218.2532552338794,0.44178125497976656,CO2,100.0,0.16,8.9,41.12,889.06,1067.15,0,9,9,17,Bunter Closure 42
26042.235330488897,1500000.0,False,82.80615080101457,2.852280212350451,H2,306.6,0.18,29.1,86.3,2034.0,2167.5,1,8,8,59,Fulmar_021_28
584900.795043022,1500000.0,False,269.23907364645976,3.0496505427955203,CH4,306.6,0.18,29.1,86.3,2034.0,2167.5,1,8,8,59,Fulmar_021_28
32272.767234669365,1500000.0,False,356.8880658794833,0.1135835217041142,H2,1600.0,0.23,34.8,95.01,2260.0,2375.5,3,4,4,55,Fulmar_021_18
21219.80560214213,1500000.0,False,242.97654667038657,0.7597042341823905,N2,100.0,0.23,0.2,8.8,20.46,617.17,0,11,11,143,Spilsby Sandstone Formation 1
113751.80148241979,1500000.0,False,63.80781367243568,1.0791257416710835,H2,1600.0,0.23,34.8,95.01,2260.0,2375.5,3,4,4,55,Fulmar_021_18
328074.62830969814,1500000.0,False,106.16329274618919,3.265810234537987,CO2,330.0,0.14,17.3,60.43,1589.0,2504.62,2,13,13,129,Nansen_210_25
798894.2917872053,1500000.0,False,42.262919109129484,3.753593027263147,H2,100.0,0.14,13.7,57.56,1358.94,1539.84,0,1,1,22,Bunter Closure 7
13365.961136775635,1500000.0,False,171.0833563243902,2.507024817812998,N2,271.0,0.22,11.5,49.23,1080.0,1449.75,1,12,12,9,Bunter Closure 35
11522.534571333388,1500000.0,False,240.74284091229234,1.3798829652630693,N2,100.0,0.29,7.3,35.36275,724.65,1297.48,0,7,7,3,Bunter Closure 1
37285.538001998444,1500000.0,False,91.19921568303171,2.7487891555395727,H2,1600.0,0.23,34.8,95.01,2260.0,2375.5,3,4,4,55,Fulmar_021_18
25677.892286379356,1500000.0,False,328.7265278081832,2.6460987330931154,CH4,306.6,0.18,29.1,86.3,2034.0,2167.5,1,8,8,59,Fulmar_021_28
122655.3095688262,1500000.0,False,146.43368194076652,1.0331732426308475,N2,100.0,0.19,7.3,35.22,720.61,1102.04,0,5,5,16,Bunter Closure 41
283353.0578209589,1500000.0,False,320.35959518388,2.172824479458017,CH4,100.0,0.16,8.9,41.12,889.06,1067.15,0,9,9,17,Bunter Closure 42
56458.77967138985,1500000.0,False,160.09563659135534,2.414499250544484,N2,100.0,0.16,8.9,41.12,889.06,1067.15,0,9,9,17,Bunter Closure 42
375942.0939264042,1500000.0,False,79.74796728914096,1.1862588868188675,CO2,100.0,0.14,13.7,57.56,1358.94,1539.84,0,1,1,22,Bunter Closure 7
447007.9706571047,1500000.0,False,322.1788821542131,1.1816291035439108,H2,250.0,0.15,8.1,36.0,800.0,2099.42,1,15,15,131,Orrin_012_26
1392677.4499147164,1500000.0,False,176.7679514628232,3.035401024563016,CO2,350.0,0.14,10.3,45.7819,1022.34,1421.13,2,2,2,23,Bunter Sandstone Formation Zone 1
11739.387881869548,1500000.0,False,143.37798153089528,2.499238297276693,N2,100.0,0.14,0.7,12.2771,65.06,1591.16,0,16,16,25,Bunter Sandstone Formation Zone 4
30909.285259801847,1500000.0,False,254.14346027027955,2.3880246672309573,H2,350.0,0.16,13.3,56.29345,1322.67,1847.3,2,19,19,24,Bunter Sandstone Formation Zone 2
90551.44074079147,1500000.0,False,343.6835043188342,0.7274626666492179,CH4,250.0,0.15,8.1,36.0,800.0,2099.42,1,15,15,131,Orrin_012_26
477598.9929184855,1500000.0,False,120.69159651573807,0.004373760667998693,N2,100.0,0.14,0.7,12.2771,65.06,1591.16,0,16,16,25,Bunter Sandstone Formation Zone 4
181706.84812469318,1500000.0,False,139.41700869141,2.9486369458279578,H2,1600.0,0.23,29.7,81.29,2094.0,2196.3,3,14,14,54,Fulmar_021_16
168846.86396913568,1500000.0,False,189.67412188865444,0.22767314690444038,CH4,330.0,0.14,17.3,60.43,1589.0,2504.62,2,13,13,129,Nansen_210_25
197565.91335565597,1500000.0,False,107.43830824726136,3.870119223064955,CO2,306.6,0.18,41.4,100.47,2402.0,2759.0,1,6,6,61,Fulmar_021_30
548854.2813767303,1500000.0,False,341.8978365002751,0.1397636635577194,N2,250.0,0.15,8.1,36.0,800.0,2099.42,1,15,15,131,Orrin_012_26
82239.37632399394,1500000.0,False,114.67329715449705,0.8267724863279241,CH4,306.6,0.18,29.1,86.3,2034.0,2167.5,1,8,8,59,Fulmar_021_28
96971.13098937213,1500000.0,False,360.6185568127381,3.0934200612226506,N2,100.0,0.16,8.9,41.12,889.06,1067.15,0,9,9,17,Bunter Closure 42
188153.78868687956,1500000.0,False,280.8482313155659,1.205734024533999,CO2,271.0,0.22,11.5,49.23,1080.0,1449.75,1,12,12,9,Bunter Closure 35
14847.167099917544,1500000.0,False,186.13603395355076,2.6097294071249943,CH4,100.0,0.19,7.3,35.22,720.61,1102.04,0,5,5,16,Bunter Closure 41
676645.0407022454,1500000.0,False,215.8416673693721,2.04004238600852,N2,1600.0,0.23,50.7,106.88,2472.0,2840.34,3,10,10,58,Fulmar_021_25
1018057.6039112317,1500000.0,False,264.74412381293126,3.072779568246246,H2,1600.0,0.23,29.7,81.29,2094.0,2196.3,3,14,14,54,Fulmar_021_16
183255.65198077195,1500000.0,False,152.8660040998426,2.3475026341300995,N2,100.0,0.14,13.7,57.56,1358.94,1539.84,0,1,1,22,Bunter Closure 7
135245.86402027975,1500000.0,False,86.54964866715208,0.5443572045744974,H2,250.0,0.15,8.1,36.0,800.0,2099.42,1,15,15,131,Orrin_012_26
138800.96922440434,1500000.0,False,269.92605331000686,2.095713257988655,CO2,100.0,0.14,13.7,57.56,1358.94,1539.84,0,1,1,22,Bunter Closure 7
350913.32729805325,1500000.0,False,127.65169211574063,1.6396713672535612,CO2,306.6,0.18,29.1,86.3,2034.0,2167.5,1,8,8,59,Fulmar_021_28
186108.56842761667,1500000.0,False,61.6899976353893,3.148359057260706,CH4,100.0,0.16,8.9,41.12,889.06,1067.15,0,9,9,17,Bunter Closure 42
55204.83323589493,1500000.0,False,23.608575895781932,1.175592316139401,N2,100.0,0.21,13.5,56.88215,1339.49,1457.1,0,3,3,14,Bunter Closure 4
1166275.0661726925,1500000.0,False,206.07807792665108,0.5115157723933877,N2,1600.0,0.23,29.7,81.29,2094.0,2196.3,3,14,14,54,Fulmar_021_16
1048881.0081316913,1500000.0,False,55.272671579849586,0.0855834274497309,CH4,100.0,0.21,13.5,56.88215,1339.49,1457.1,0,3,3,14,Bunter Closure 4
33154.81392463051,1500000.0,False,110.58354003758545,1.1199867143386015,N2,1600.0,0.23,34.8,95.01,2260.0,2375.5,3,4,4,55,Fulmar_021_18
1044539.6681538663,1500000.0,False,348.2483392762539,3.1119901354999047,CO2,100.0,0.19,7.3,35.22,720.61,1102.04,0,5,5,16,Bunter Closure 41
1377406.606986948,1500000.0,False,270.58836959143196,0.1813352467119149,N2,100.0,0.16,8.9,41.12,889.06,1067.15,0,9,9,17,Bunter Closure 42
656651.7086360308,1500000.0,False,246.51603204145633,1.2412703703502803,N2,100.0,0.29,7.3,35.36275,724.65,1297.48,0,7,7,3,Bunter Closure 1
61796.53635418856,1500000.0,False,159.78961171044065,2.9020601371757735,H2,250.0,0.15,8.1,36.0,800.0,2099.42,1,15,15,131,Orrin_012_26
444005.8797109247,1500000.0,False,349.7783526329235,1.5501739769962926,CO2,350.0,0.16,13.3,56.29345,1322.67,1847.3,2,19,19,24,Bunter Sandstone Formation Zone 2
42196.347507006125,1500000.0,False,300.46486999845246,1.9676114456812244,CH4,1600.0,0.23,34.8,95.01,2260.0,2375.5,3,4,4,55,Fulmar_021_18
453081.35012149287,1500000.0,False,85.10448625479907,3.13479636790754,H2,100.0,0.16,8.9,41.12,889.06,1067.15,0,9,9,17,Bunter Closure 42
81170.82609401077,1500000.0,False,89.01697982910976,1.2646494144517546,CH4,470.0,0.22,23.88,79.71,2241.0,3300.75,3,0,0,147,Statfjord_009_24
1356841.5477401367,1500000.0,False,135.31379797368243,0.13574973189678685,CO2,1600.0,0.23,50.7,106.88,2472.0,2840.34,3,10,10,58,Fulmar_021_25
35309.65853052433,1500000.0,False,53.57865520078693,0.9580668887300873,H2,350.0,0.14,10.3,45.7819,1022.34,1421.13,2,2,2,23,Bunter Sandstone Formation Zone 1
12395.689831532392,1500000.0,False,17.79768284129818,0.6412045173352818,CO2,100.0,0.14,0.7,12.2771,65.06,1591.16,0,16,16,25,Bunter Sandstone Formation Zone 4
232575.88128661347,1500000.0,False,331.40693463954165,1.9390470473085843,CH4,306.6,0.18,29.1,86.3,2034.0,2167.5,1,8,8,59,Fulmar_021_28
15516.2847644418,1500000.0,False,301.97939795352903,2.2891560676656755,CH4,100.0,0.29,7.3,35.36275,724.65,1297.48,0,7,7,3,Bunter Closure 1
18381.313091584034,1500000.0,False,121.4630068360063,1.5723643405576109,N2,250.0,0.15,8.1,36.0,800.0,2099.42,1,15,15,131,Orrin_012_26
389289.4088170078,1500000.0,False,351.67277602740046,0.2691077113708864,N2,470.0,0.22,23.88,79.71,2241.0,3300.75,3,0,0,147,Statfjord_009_24
35771.762974188656,1500000.0,False,314.2324838192844,3.657606291822068,CO2,250.0,0.15,8.1,36.0,800.0,2099.42,1,15,15,131,Orrin_012_26
29632.847827825088,1500000.0,False,77.73011830195176,1.1246877912496862,CO2,350.0,0.16,13.3,56.29345,1322.67,1847.3,2,19,19,24,Bunter Sandstone Formation Zone 2
431557.05281383893,1500000.0,False,297.5531679080576,3.6397613218392024,CH4,350.0,0.16,13.3,56.29345,1322.67,1847.3,2,19,19,24,Bunter Sandstone Formation Zone 2
46636.73835379541,1500000.0,False,150.17463802823212,1.3666760979393457,N2,100.0,0.14,13.7,57.56,1358.94,1539.84,0,1,1,22,Bunter Closure 7
159367.01100663247,1500000.0,False,67.55691995255012,1.786091356908341,N2,100.0,0.21,13.5,56.88215,1339.49,1457.1,0,3,3,14,Bunter Closure 4
118470.10503141777,1500000.0,False,36.541206341103376,0.6112493556157724,CH4,306.6,0.18,29.1,86.3,2034.0,2167.5,1,8,8,59,Fulmar_021_28
143592.60030563604,1500000.0,False,181.67710949965823,3.5064552365845625,CH4,250.0,0.15,8.1,36.0,800.0,2099.42,1,15,15,131,Orrin_012_26
10601.331416277442,1500000.0,False,109.81788052348942,0.1680658041925703,N2,306.6,0.18,41.4,100.47,2402.0,2759.0,1,6,6,61,Fulmar_021_30
61337.71509562002,1500000.0,False,63.128360979067914,0.488055323344556,H2,100.0,0.21,13.5,56.88215,1339.49,1457.1,0,3,3,14,Bunter Closure 4
172912.96694647145,1500000.0,False,317.876909197186,2.768821582401967,CH4,100.0,0.16,8.9,41.12,889.06,1067.15,0,9,9,17,Bunter Closure 42
23001.266811980346,1500000.0,False,276.1715873099958,1.419025663761114,CH4,330.0,0.14,17.3,60.43,1589.0,2504.62,2,13,13,129,Nansen_210_25
44390.11137560534,1500000.0,False,32.21653517314685,3.2032434591288728,CO2,306.6,0.18,41.4,100.47,2402.0,2759.0,1,6,6,61,Fulmar_021_30
644503.2313728936,1500000.0,False,255.72413802524443,3.241310038585259,CO2,330.0,0.14,17.3,60.43,1589.0,2504.62,2,13,13,129,Nansen_210_25
69165.92477431291,1500000.0,False,136.43180893017063,1.406149755682505,CH4,500.0,0.23,30.9,94.54,2248.0,2848.65,3,17,17,86,Fulmar_030_29
98366.33136556282,1500000.0,False,197.0439275163936,3.155113838934117,CH4,100.0,0.19,7.3,35.22,720.61,1102.04,0,5,5,16,Bunter Closure 41
490444.5228078192,1500000.0,False,175.8838911169584,1.8265790338912016,CH4,350.0,0.14,10.3,45.7819,1022.34,1421.13,2,2,2,23,Bunter Sandstone Formation Zone 1
461027.9150317568,1500000.0,False,232.62600966768576,3.009932622102522,CO2,100.0,0.16,8.9,41.12,889.06,1067.15,0,9,9,17,Bunter Closure 42
41089.41015738588,1500000.0,False,354.17567078369365,2.019883335584916,H2,271.0,0.22,11.5,49.23,1080.0,1449.75,1,12,12,9,Bunter Closure 35
85371.47553280437,1500000.0,False,288.6251879534701,2.6598381594636322,N2,250.0,0.15,8.1,36.0,800.0,2099.42,1,15,15,131,Orrin_012_26
1285384.3226464281,1500000.0,False,226.63996148191126,0.6808827486265968,H2,350.0,0.14,10.3,45.7819,1022.34,1421.13,2,2,2,23,Bunter Sandstone Formation Zone 1
12293.532374940878,1500000.0,False,100.56882771805712,0.8868050067490547,CO2,100.0,0.14,0.7,12.2771,65.06,1591.16,0,16,16,25,Bunter Sandstone Formation Zone 4
11058.320382842652,1500000.0,False,183.05673388320108,0.022403664056804076,H2,306.6,0.18,41.4,100.47,2402.0,2759.0,1,6,6,61,Fulmar_021_30
45110.95635648791,100000.0,True,142.52736691361235,1.9503028207398136,N2,50.0,0.15,14.1,59.11375,1403.25,1660.17,0,18,18,11,Bunter Closure 37
1116434.6497394182,1500000.0,False,298.49708657699694,1.2089730741295137,H2,306.6,0.18,29.1,86.3,2034.0,2167.5,1,8,8,59,Fulmar_021_28
27686.809359436214,1500000.0,False,210.1970523202317,2.970066268715842,H2,500.0,0.23,30.9,94.54,2248.0,2848.65,3,17,17,86,Fulmar_030_29
318180.17330402584,1500000.0,False,280.2103619887217,3.491440529450868,CH4,500.0,0.23,30.9,94.54,2248.0,2848.65,3,17,17,86,Fulmar_030_29
128632.65632694555,1500000.0,False,157.27541074980363,2.025075419685432,H2,100.0,0.19,7.3,35.22,720.61,1102.04,0,5,5,16,Bunter Closure 41
392443.8416945818,1500000.0,False,333.33989654103317,1.0303648210633485,H2,350.0,0.16,13.3,56.29345,1322.67,1847.3,2,19,19,24,Bunter Sandstone Formation Zone 2
20068.402335535906,100000.0,True,168.42375565360348,2.7761662029303418,CH4,50.0,0.15,14.1,59.11375,1403.25,1660.17,0,18,18,11,Bunter Closure 37
24797.46047253902,1500000.0,False,98.43704260134903,2.4248994312920957,H2,100.0,0.21,13.5,56.88215,1339.49,1457.1,0,3,3,14,Bunter Closure 4
17029.846766429557,100000.0,True,86.08196899300303,3.875130070968814,N2,50.0,0.15,14.1,59.11375,1403.25,1660.17,0,18,18,11,Bunter Closure 37
38847.96293234381,1500000.0,False,202.5507837357074,3.707185801953058,N2,330.0,0.14,17.3,60.43,1589.0,2504.62,2,13,13,129,Nansen_210_25
1317631.9539806927,1500000.0,False,274.8157165398481,2.1024260625539952,CO2,100.0,0.29,7.3,35.36275,724.65,1297.48,0,7,7,3,Bunter Closure 1
631192.5921238122,1500000.0,False,133.76533689821963,1.3109511304557901,H2,100.0,0.16,8.9,41.12,889.06,1067.15,0,9,9,17,Bunter Closure 42
11719.958498124783,1500000.0,False,132.85943742447765,1.1972841779663288,CO2,100.0,0.16,8.9,41.12,889.06,1067.15,0,9,9,17,Bunter Closure 42
30125.645926195015,1500000.0,False,43.312995084758256,3.2632086039591615,N2,330.0,0.14,17.3,60.43,1589.0,2504.62,2,13,13,129,Nansen_210_25
24952.921611329395,1500000.0,False,311.02951269155363,0.8457750931450281,CO2,330.0,0.14,17.3,60.43,1589.0,2504.62,2,13,13,129,Nansen_210_25
36353.98473607574,1500000.0,False,251.84759217332052,2.7878239015890682,CO2,500.0,0.23,30.9,94.54,2248.0,2848.65,3,17,17,86,Fulmar_030_29
13045.787294419344,1500000.0,False,300.2338732324221,2.8796386150640845,N2,271.0,0.22,11.5,49.23,1080.0,1449.75,1,12,12,9,Bunter Closure 35
10675.04561425955,1500000.0,False,261.1325486919598,0.12277984639397868,CH4,100.0,0.21,13.5,56.88215,1339.49,1457.1,0,3,3,14,Bunter Closure 4
62899.189364671365,1500000.0,False,268.7482941640312,1.4379805096756033,H2,1600.0,0.23,29.7,81.29,2094.0,2196.3,3,14,14,54,Fulmar_021_16
21252.52090784851,100000.0,True,203.7051079060697,3.760986313621883,N2,50.0,0.15,14.1,59.11375,1403.25,1660.17,0,18,18,11,Bunter Closure 37
154373.90853993085,1500000.0,False,94.74083283700797,2.7921410665351636,CH4,100.0,0.16,8.9,41.12,889.06,1067.15,0,9,9,17,Bunter Closure 42
464612.0408893941,1500000.0,False,293.345580857367,1.6148976517125775,CO2,306.6,0.18,29.1,86.3,2034.0,2167.5,1,8,8,59,Fulmar_021_28
1299677.5281488851,1500000.0,False,71.87786542564675,0.2872241768903562,H2,100.0,0.14,13.7,57.56,1358.94,1539.84,0,1,1,22,Bunter Closure 7
12116.092704912127,1500000.0,False,216.44503716228772,3.283661084781582,H2,250.0,0.15,8.1,36.0,800.0,2099.42,1,15,15,131,Orrin_012_26
1131125.2142880969,1500000.0,False,78.40621465697106,2.126717503800142,CO2,1600.0,0.23,50.7,106.88,2472.0,2840.34,3,10,10,58,Fulmar_021_25
647369.6597149197,1500000.0,False,302.81387204223705,1.3461189645798428,H2,1600.0,0.23,29.7,81.29,2094.0,2196.3,3,14,14,54,Fulmar_021_16
114985.78259258713,1500000.0,False,218.72338064876402,0.8607611602845877,CH4,1600.0,0.23,50.7,106.88,2472.0,2840.34,3,10,10,58,Fulmar_021_25
215185.15592959797,1500000.0,False,80.14780820265246,1.2383454917798877,CH4,306.6,0.18,41.4,100.47,2402.0,2759.0,1,6,6,61,Fulmar_021_30
57218.2000389216,1500000.0,False,242.76729995311453,0.15283102334061097,CO2,306.6,0.18,29.1,86.3,2034.0,2167.5,1,8,8,59,Fulmar_021_28
692685.7685138524,1500000.0,False,321.29029305257177,0.5852281717114562,H2,306.6,0.18,29.1,86.3,2034.0,2167.5,1,8,8,59,Fulmar_021_28
259225.74788771893,1500000.0,False,41.0876753122204,3.6924011256004468,H2,271.0,0.22,11.5,49.23,1080.0,1449.75,1,12,12,9,Bunter Closure 35
222899.5382428563,1500000.0,False,72.46940786866213,2.9611893228047825,H2,306.6,0.18,41.4,100.47,2402.0,2759.0,1,6,6,61,Fulmar_021_30
47806.43343895834,1500000.0,False,349.3177958536929,1.5557531968456975,N2,1600.0,0.23,34.8,95.01,2260.0,2375.5,3,4,4,55,Fulmar_021_18
52122.952160414236,1500000.0,False,22.9541528559118,2.5747099674971845,CO2,470.0,0.22,23.88,79.71,2241.0,3300.75,3,0,0,147,Statfjord_009_24
19582.010401841915,1500000.0,False,231.6986318423189,1.0817811302933784,N2,100.0,0.19,7.3,35.22,720.61,1102.04,0,5,5,16,Bunter Closure 41
16920.481445352732,1500000.0,False,327.4495932433107,2.3717620346705397,CO2,470.0,0.22,23.88,79.71,2241.0,3300.75,3,0,0,147,Statfjord_009_24
53024.824355955396,1500000.0,False,329.5949367145422,1.4549459613368636,CO2,100.0,0.14,0.7,12.2771,65.06,1591.16,0,16,16,25,Bunter Sandstone Formation Zone 4
108460.73103351425,1500000.0,False,204.27552069947632,0.2121437539233092,CH4,306.6,0.18,29.1,86.3,2034.0,2167.5,1,8,8,59,Fulmar_021_28
14207.905054333236,1500000.0,False,91.80716903184751,2.2835646675836805,CH4,330.0,0.14,17.3,60.43,1589.0,2504.62,2,13,13,129,Nansen_210_25
12635.271128997352,100000.0,True,325.5102644064991,0.5997595633699105,H2,50.0,0.15,14.1,59.11375,1403.25,1660.17,0,18,18,11,Bunter Closure 37
544506.5623511241,1500000.0,False,16.164372417844305,2.0854277360681412,CO2,350.0,0.14,10.3,45.7819,1022.34,1421.13,2,2,2,23,Bunter Sandstone Formation Zone 1
141475.6434936102,1500000.0,False,180.74956007934352,0.47679639003803775,CH4,470.0,0.22,23.88,79.71,2241.0,3300.75,3,0,0,147,Statfjord_009_24
1433400.8696931212,1500000.0,False,229.38255826088005,3.3520911688118433,CH4,250.0,0.15,8.1,36.0,800.0,2099.42,1,15,15,131,Orrin_012_26
63327.49957226481,1500000.0,False,105.44138652782249,1.8522499256238885,H2,350.0,0.14,10.3,45.7819,1022.34,1421.13,2,2,2,23,Bunter Sandstone Formation Zone 1
50122.882216308615,1500000.0,False,223.9536925674919,3.2212689034609463,H2,100.0,0.14,0.7,12.2771,65.06,1591.16,0,16,16,25,Bunter Sandstone Formation Zone 4
298656.3823731771,1500000.0,False,312.8116326188789,3.577644343756033,H2,100.0,0.14,0.7,12.2771,65.06,1591.16,0,16,16,25,Bunter Sandstone Formation Zone 4
53512.657728762984,1500000.0,False,278.8289113135091,0.793650916929101,H2,470.0,0.22,23.88,79.71,2241.0,3300.75,3,0,0,147,Statfjord_009_24
897857.6462080257,1500000.0,False,56.87550411210259,3.5884960831766373,CH4,100.0,0.21,13.5,56.88215,1339.49,1457.1,0,3,3,14,Bunter Closure 4
21494.975273193697,1500000.0,False,263.91037924164414,2.9920530520127104,CH4,100.0,0.14,13.7,57.56,1358.94,1539.84,0,1,1,22,Bunter Closure 7
506795.83231061086,1500000.0,False,294.7564316992088,1.732333903667708,CO2,271.0,0.22,11.5,49.23,1080.0,1449.75,1,12,12,9,Bunter Closure 35
205966.959574611,1500000.0,False,33.54906664946938,3.5309417374957586,N2,100.0,0.21,13.5,56.88215,1339.49,1457.1,0,3,3,14,Bunter Closure 4
29105.390984483758,1500000.0,False,237.9928595799912,3.605446748043135,CH4,271.0,0.22,11.5,49.23,1080.0,1449.75,1,12,12,9,Bunter Closure 35
456429.02437251754,1500000.0,False,81.06830820003125,0.23472038959096578,N2,100.0,0.16,8.9,41.12,889.06,1067.15,0,9,9,17,Bunter Closure 42
243072.73053881584,1500000.0,False,95.80210565112317,3.8563995112430045,CO2,1600.0,0.23,29.7,81.29,2094.0,2196.3,3,14,14,54,Fulmar_021_16
238863.78287069857,1500000.0,False,277.12558067812296,3.4345752475129614,H2,100.0,0.14,13.7,57.56,1358.94,1539.84,0,1,1,22,Bunter Closure 7
14366.42711346275,1500000.0,False,271.60574187456217,2.5884029384926186,H2,100.0,0.19,7.3,35.22,720.61,1102.04,0,5,5,16,Bunter Closure 41
20805.455914330854,1500000.0,False,290.7637677295162,3.4640655382680188,N2,1600.0,0.23,34.8,95.01,2260.0,2375.5,3,4,4,55,Fulmar_021_18
76830.28139080941,1500000.0,False,213.60668300540158,2.2295801577508962,CO2,1600.0,0.23,34.8,95.01,2260.0,2375.5,3,4,4,55,Fulmar_021_18
301974.5834077023,1500000.0,False,315.6028324870333,3.6260919142985073,N2,306.6,0.18,29.1,86.3,2034.0,2167.5,1,8,8,59,Fulmar_021_28
382331.33815666265,1500000.0,False,342.8436031110958,2.538241739719828,CH4,1600.0,0.23,34.8,95.01,2260.0,2375.5,3,4,4,55,Fulmar_021_18
10252.77845787027,1500000.0,False,336.98522539850956,3.1166455920965777,CH4,100.0,0.21,13.5,56.88215,1339.49,1457.1,0,3,3,14,Bunter Closure 4
1195438.0336674848,1500000.0,False,228.5716615718233,3.556734746654152,CO2,271.0,0.22,11.5,49.23,1080.0,1449.75,1,12,12,9,Bunter Closure 35
932445.5964787451,1500000.0,False,221.70368347314476,1.871266210567528,H2,271.0,0.22,11.5,49.23,1080.0,1449.75,1,12,12,9,Bunter Closure 35
425758.57762426767,1500000.0,False,304.16782654768315,2.330696722286319,CO2,100.0,0.14,13.7,57.56,1358.94,1539.84,0,1,1,22,Bunter Closure 7
917800.4969069576,1500000.0,False,340.2007641164444,1.5104175212219264,N2,100.0,0.14,0.7,12.2771,65.06,1591.16,0,16,16,25,Bunter Sandstone Formation Zone 4
34378.26660448821,1500000.0,False,33.75383745821992,3.422026556982191,CO2,330.0,0.14,17.3,60.43,1589.0,2504.62,2,13,13,129,Nansen_210_25
213236.35445740834,1500000.0,False,75.6851873119723,3.8857987797951865,CO2,100.0,0.14,13.7,57.56,1358.94,1539.84,0,1,1,22,Bunter Closure 7
86122.33411910394,1500000.0,False,115.59096842184735,3.714602107621206,H2,500.0,0.23,30.9,94.54,2248.0,2848.65,3,17,17,86,Fulmar_030_29
518979.4790800594,1500000.0,False,301.67782926963724,2.307663367720394,CO2,306.6,0.18,29.1,86.3,2034.0,2167.5,1,8,8,59,Fulmar_021_28
958390.822247346,1500000.0,False,249.20304842712315,1.3231195161369025,CH4,100.0,0.21,13.5,56.88215,1339.49,1457.1,0,3,3,14,Bunter Closure 4
33873.181976484215,1500000.0,False,282.4269143338464,0.3494360707065759,CH4,100.0,0.14,0.7,12.2771,65.06,1591.16,0,16,16,25,Bunter Sandstone Formation Zone 4
707589.6369529805,1500000.0,False,326.1094273531151,0.1625165782339119,CH4,350.0,0.16,13.3,56.29345,1322.67,1847.3,2,19,19,24,Bunter Sandstone Formation Zone 2
518392.6334929675,1500000.0,False,154.11915686481342,3.95299913909342,CH4,100.0,0.14,13.7,57.56,1358.94,1539.84,0,1,1,22,Bunter Closure 7
17075.051992746925,1500000.0,False,265.70635209375007,3.368512500004514,CO2,306.6,0.18,29.1,86.3,2034.0,2167.5,1,8,8,59,Fulmar_021_28
139720.2933881055,1500000.0,False,194.1878045969763,1.7956436127836695,H2,500.0,0.23,30.9,94.54,2248.0,2848.65,3,17,17,86,Fulmar_030_29
1310331.1991677666,1500000.0,False,28.298193844919368,3.08532710986433,CO2,1600.0,0.23,50.7,106.88,2472.0,2840.34,3,10,10,58,Fulmar_021_25
165024.44481086617,1500000.0,False,66.00930437165061,3.1606090040040122,H2,330.0,0.14,17.3,60.43,1589.0,2504.62,2,13,13,129,Nansen_210_25
13561.675679265974,100000.0,True,206.3633004896033,1.8100400677937625,CO2,50.0,0.15,14.1,59.11375,1403.25,1660.17,0,18,18,11,Bunter Closure 37
824108.7383167255,1500000.0,False,344.10666175544225,0.5161551389524616,CO2,1600.0,0.23,29.7,81.29,2094.0,2196.3,3,14,14,54,Fulmar_021_16
41723.00086152327,1500000.0,False,124.7473611541434,1.5628414464451257,H2,100.0,0.14,13.7,57.56,1358.94,1539.84,0,1,1,22,Bunter Closure 7
36688.043584380415,1500000.0,False,258.8170184963889,0.8033123090072315,H2,250.0,0.15,8.1,36.0,800.0,2099.42,1,15,15,131,Orrin_012_26
62325.40117328412,1500000.0,False,310.79236266062617,0.9214715518659774,N2,100.0,0.29,7.3,35.36275,724.65,1297.48,0,7,7,3,Bunter Closure 1
210702.80181479658,1500000.0,False,211.1442749371862,2.4719399437376,H2,470.0,0.22,23.88,79.71,2241.0,3300.75,3,0,0,147,Statfjord_009_24
19309.94991005809,1500000.0,False,113.1241473933521,0.009286609070125405,N2,100.0,0.29,7.3,35.36275,724.65,1297.48,0,7,7,3,Bunter Closure 1
487578.7657572709,1500000.0,False,161.57841619736948,3.7430743666615243,CO2,1600.0,0.23,29.7,81.29,2094.0,2196.3,3,14,14,54,Fulmar_021_16
24059.934351084263,1500000.0,False,144.57297612046165,2.1504592734141528,CH4,250.0,0.15,8.1,36.0,800.0,2099.42,1,15,15,131,Orrin_012_26
286623.0188946102,1500000.0,False,131.63919416655216,0.6910426517922411,CO2,306.6,0.18,29.1,86.3,2034.0,2167.5,1,8,8,59,Fulmar_021_28
88933.99813581615,1500000.0,False,58.23946355583581,0.9434428749072687,CO2,470.0,0.22,23.88,79.71,2241.0,3300.75,3,0,0,147,Statfjord_009_24
111757.17019862932,1500000.0,False,201.58090194232503,2.301834942781833,CO2,100.0,0.21,13.5,56.88215,1339.49,1457.1,0,3,3,14,Bunter Closure 4
91692.43253642129,1500000.0,False,83.73425581342518,0.30310524158095453,N2,250.0,0.15,8.1,36.0,800.0,2099.42,1,15,15,131,Orrin_012_26
26214.307219775976,1500000.0,False,293.9741978212343,0.9646120368425628,CH4,500.0,0.23,30.9,94.54,2248.0,2848.65,3,17,17,86,Fulmar_030_29
11328.571841738525,1500000.0,False,234.07646216334564,2.9305106966750785,H2,250.0,0.15,8.1,36.0,800.0,2099.42,1,15,15,131,Orrin_012_26
72258.93007991368,1500000.0,False,339.0315865121193,0.28800462472620647,CH4,271.0,0.22,11.5,49.23,1080.0,1449.75,1,12,12,9,Bunter Closure 35
77615.72001235145,1500000.0,False,88.34517024095348,3.8501772536082504,N2,1600.0,0.23,50.7,106.88,2472.0,2840.34,3,10,10,58,Fulmar_021_25
11860.108578919846,1500000.0,False,289.6625348758844,3.6523103289132997,CH4,1600.0,0.23,29.7,81.29,2094.0,2196.3,3,14,14,54,Fulmar_021_16
12921.354415535196,1500000.0,False,283.53190375350107,3.3946218845502125,CH4,100.0,0.21,13.5,56.88215,1339.49,1457.1,0,3,3,14,Bunter Closure 4
42004.25870173855,100000.0,True,299.1612003600087,0.24934303939774413,CO2,50.0,0.15,14.1,59.11375,1403.25,1660.17,0,18,18,11,Bunter Closure 37
1242160.8221885494,1500000.0,False,187.803500469376,2.5334276345420728,CH4,1600.0,0.23,29.7,81.29,2094.0,2196.3,3,14,14,54,Fulmar_021_16
16381.366285320271,1500000.0,False,163.6654246174424,1.484069940428869,CO2,350.0,0.16,13.3,56.29345,1322.67,1847.3,2,19,19,24,Bunter Sandstone Formation Zone 2
55550.600642460464,1500000.0,False,199.92897609535285,1.7129674497627283,CH4,1600.0,0.23,34.8,95.01,2260.0,2375.5,3,4,4,55,Fulmar_021_18
38262.578484444355,1500000.0,False,195.71022508351766,3.5397292798938085,H2,306.6,0.18,41.4,100.47,2402.0,2759.0,1,6,6,61,Fulmar_021_30
42733.908164796885,1500000.0,False,129.0909294148171,0.09599585004667435,CO2,330.0,0.14,17.3,60.43,1589.0,2504.62,2,13,13,129,Nansen_210_25
511103.43515069474,1500000.0,False,92.08021403533286,3.1917212931977605,N2,1600.0,0.23,34.8,95.01,2260.0,2375.5,3,4,4,55,Fulmar_021_18
79875.79976624287,1500000.0,False,147.50416462317384,3.934655993211377,H2,100.0,0.23,0.2,8.8,20.46,617.17,0,11,11,143,Spilsby Sandstone Formation 1
161907.72194016704,1500000.0,False,172.74971771651838,1.4974150031203992,CO2,100.0,0.21,13.5,56.88215,1339.49,1457.1,0,3,3,14,Bunter Closure 4
21733.249384964914,1500000.0,False,43.61092168473563,1.711257951380604,H2,100.0,0.21,13.5,56.88215,1339.49,1457.1,0,3,3,14,Bunter Closure 4
44782.72557371506,1500000.0,False,174.24006611561333,0.42994038432540826,CO2,100.0,0.29,7.3,35.36275,724.65,1297.48,0,7,7,3,Bunter Closure 1
43300.86353302145,1500000.0,False,211.61006661971766,3.249997872096414,N2,1600.0,0.23,50.7,106.88,2472.0,2840.34,3,10,10,58,Fulmar_021_25
593838.1530295352,1500000.0,False,67.09373115316428,2.518246486268171,CO2,100.0,0.14,0.7,12.2771,65.06,1591.16,0,16,16,25,Bunter Sandstone Formation Zone 4
46235.65562584357,1500000.0,False,89.99045345097888,2.167048717215728,H2,306.6,0.18,29.1,86.3,2034.0,2167.5,1,8,8,59,Fulmar_021_28
399235.3198304283,1500000.0,False,200.60824346175448,1.4465972279083688,N2,100.0,0.21,13.5,56.88215,1339.49,1457.1,0,3,3,14,Bunter Closure 4
18834.641861210453,1500000.0,False,112.7022483503211,1.456076892341116,N2,306.6,0.18,29.1,86.3,2034.0,2167.5,1,8,8,59,Fulmar_021_28
26932.018297607105,1500000.0,False,125.86121504236306,3.1724101639423896,CO2,100.0,0.19,7.3,35.22,720.61,1102.04,0,5,5,16,Bunter Closure 41
144651.4131291468,1500000.0,False,81.47969089226403,1.3681952348333728,N2,100.0,0.21,13.5,56.88215,1339.49,1457.1,0,3,3,14,Bunter Closure 4
535019.7335112158,1500000.0,False,213.2330049233173,1.6222336166303284,N2,271.0,0.22,11.5,49.23,1080.0,1449.75,1,12,12,9,Bunter Closure 35
35470.86884973513,1500000.0,False,307.93506332569,3.8101221989537555,H2,250.0,0.15,8.1,36.0,800.0,2099.42,1,15,15,131,Orrin_012_26
66749.7298540692,1500000.0,False,332.32126204451976,2.8253716246012894,N2,1600.0,0.23,50.7,106.88,2472.0,2840.34,3,10,10,58,Fulmar_021_25
147110.85821110007,1500000.0,False,235.8133424089719,3.351604326902832,N2,330.0,0.14,17.3,60.43,1589.0,2504.62,2,13,13,129,Nansen_210_25
17597.716274501832,1500000.0,False,46.65269316291316,3.453918522757256,CO2,500.0,0.23,30.9,94.54,2248.0,2848.65,3,17,17,86,Fulmar_030_29
1186230.2463775834,1500000.0,False,57.69394695624953,1.8173871081227366,N2,100.0,0.29,7.3,35.36275,724.65,1297.48,0,7,7,3,Bunter Closure 1
75283.2437577208,1500000.0,False,39.70347062443831,3.973834425908039,H2,350.0,0.14,10.3,45.7819,1022.34,1421.13,2,2,2,23,Bunter Sandstone Formation Zone 1
69655.62013716671,100000.0,True,79.0650457677678,0.3794872389036222,CH4,50.0,0.15,14.1,59.11375,1403.25,1660.17,0,18,18,11,Bunter Closure 37
18488.019964658935,1500000.0,False,225.25561239393457,0.559991460279818,N2,100.0,0.21,13.5,56.88215,1339.49,1457.1,0,3,3,14,Bunter Closure 4
323060.2054543446,1500000.0,False,279.4300529286014,3.7308296738941715,CH4,350.0,0.14,10.3,45.7819,1022.34,1421.13,2,2,2,23,Bunter Sandstone Formation Zone 1
31604.76655036287,1500000.0,False,314.53303469879984,2.7562403524777013,H2,350.0,0.16,13.3,56.29345,1322.67,1847.3,2,19,19,24,Bunter Sandstone Formation Zone 2
851720.3027991517,1500000.0,False,44.93324955542246,3.3195241064625334,CH4,350.0,0.14,10.3,45.7819,1022.34,1421.13,2,2,2,23,Bunter Sandstone Formation Zone 1
12691.585659605998,1500000.0,False,177.15478852974138,2.990436107923344,CH4,250.0,0.15,8.1,36.0,800.0,2099.42,1,15,15,131,Orrin_012_26
162667.76400074258,1500000.0,False,284.8217072128856,3.7832067442352093,N2,1600.0,0.23,34.8,95.01,2260.0,2375.5,3,4,4,55,Fulmar_021_18
972851.5464320489,1500000.0,False,104.26124070794101,3.7905908936066153,H2,306.6,0.18,41.4,100.47,2402.0,2759.0,1,6,6,61,Fulmar_021_30
313736.1638229302,1500000.0,False,73.76808211587431,0.36543682237122155,CH4,306.6,0.18,29.1,86.3,2034.0,2167.5,1,8,8,59,Fulmar_021_28
819200.5219115586,1500000.0,False,189.46120017253014,3.1811410430119835,CO2,350.0,0.16,13.3,56.29345,1322.67,1847.3,2,19,19,24,Bunter Sandstone Formation Zone 2
129719.78956249426,1500000.0,False,194.68743948272606,0.20635687761862076,CH4,1600.0,0.23,34.8,95.01,2260.0,2375.5,3,4,4,55,Fulmar_021_18
995720.9154778835,1500000.0,False,18.26137403211447,0.6792013515425858,N2,350.0,0.14,10.3,45.7819,1022.34,1421.13,2,2,2,23,Bunter Sandstone Formation Zone 1
133889.905465617,1500000.0,False,207.67104084044607,1.4750434459495174,CH4,1600.0,0.23,29.7,81.29,2094.0,2196.3,3,14,14,54,Fulmar_021_16
1341795.7753462526,1500000.0,False,316.66562761281295,1.3139658278804969,H2,470.0,0.22,23.88,79.71,2241.0,3300.75,3,0,0,147,Statfjord_009_24
13531.617102734841,1500000.0,False,103.48670551012601,0.8080265823078467,N2,1600.0,0.23,34.8,95.01,2260.0,2375.5,3,4,4,55,Fulmar_021_18
64463.47160938748,1500000.0,False,362.61231199514134,2.381408506648499,CO2,100.0,0.14,0.7,12.2771,65.06,1591.16,0,16,16,25,Bunter Sandstone Formation Zone 4
33977.37092853947,1500000.0,False,123.10704360713468,2.697550472276442,N2,100.0,0.19,7.3,35.22,720.61,1102.04,0,5,5,16,Bunter Closure 41
1410057.4516133228,1500000.0,False,273.0529988309819,3.3080108836249895,H2,350.0,0.14,10.3,45.7819,1022.34,1421.13,2,2,2,23,Bunter Sandstone Formation Zone 1
158144.4022414979,1500000.0,False,24.550438920560893,3.9969541411102627,H2,306.6,0.18,29.1,86.3,2034.0,2167.5,1,8,8,59,Fulmar_021_28
378540.3267030669,1500000.0,False,266.3095036026309,2.478975579115618,H2,470.0,0.22,23.88,79.71,2241.0,3300.75,3,0,0,147,Statfjord_009_24
220509.33262061563,1500000.0,False,313.6183677576435,1.2231737321671434,CH4,100.0,0.14,13.7,57.56,1358.94,1539.84,0,1,1,22,Bunter Closure 7
354780.33507192775,1500000.0,False,326.67828952137853,2.669130617667777,CO2,1600.0,0.23,34.8,95.01,2260.0,2375.5,3,4,4,55,Fulmar_021_18
28238.939187976903,1500000.0,False,264.3110736594115,3.018934806542842,H2,470.0,0.22,23.88,79.71,2241.0,3300.75,3,0,0,147,Statfjord_009_24
273236.644900396,1500000.0,False,131.9831887070008,2.7648680641637546,CO2,306.6,0.18,41.4,100.47,2402.0,2759.0,1,6,6,61,Fulmar_021_30
861565.321897021,1500000.0,False,99.32736535686995,0.02745652615657206,CO2,100.0,0.23,0.2,8.8,20.46,617.17,0,11,11,143,Spilsby Sandstone Formation 1
786215.6095310126,1500000.0,False,292.23155510630863,2.0515648078129622,H2,271.0,0.22,11.5,49.23,1080.0,1449.75,1,12,12,9,Bunter Closure 35
16784.858265923303,1500000.0,False,227.86729697435464,1.228971257699522,H2,100.0,0.21,13.5,56.88215,1339.49,1457.1,0,3,3,14,Bunter Closure 4
333312.7999062477,1500000.0,False,159.1974240320454,2.002215089582837,N2,271.0,0.22,11.5,49.23,1080.0,1449.75,1,12,12,9,Bunter Closure 35
12543.154681841823,1500000.0,False,169.69339364126276,0.24349862071540113,H2,100.0,0.23,0.2,8.8,20.46,617.17,0,11,11,143,Spilsby Sandstone Formation 1
866533.100912329,1500000.0,False,147.19928950163353,3.7693856809446102,CO2,306.6,0.18,29.1,86.3,2034.0,2167.5,1,8,8,59,Fulmar_021_28
1357953.6475086291,1500000.0,False,219.26662904059017,2.7226484187280677,H2,271.0,0.22,11.5,49.23,1080.0,1449.75,1,12,12,9,Bunter Closure 35
578635.5331742351,1500000.0,False,68.09224503650262,1.1008601221258805,CH4,100.0,0.14,13.7,57.56,1358.94,1539.84,0,1,1,22,Bunter Closure 7
15092.830078082814,1500000.0,False,92.91955777762533,0.8719630496092534,CH4,1600.0,0.23,34.8,95.01,2260.0,2375.5,3,4,4,55,Fulmar_021_18
483199.96337330213,1500000.0,False,59.15234599841972,0.19549865588934454,CH4,500.0,0.23,30.9,94.54,2248.0,2848.65,3,17,17,86,Fulmar_030_29
20162.17139392192,1500000.0,False,193.1900911072219,3.3211828373034464,H2,100.0,0.21,13.5,56.88215,1339.49,1457.1,0,3,3,14,Bunter Closure 4
306397.99687770073,1500000.0,False,111.2510382768692,0.783956215129323,H2,100.0,0.23,0.2,8.8,20.46,617.17,0,11,11,143,Spilsby Sandstone Formation 1
70730.0769263334,1500000.0,False,17.277837321144233,1.8329698910417396,CO2,1600.0,0.23,50.7,106.88,2472.0,2840.34,3,10,10,58,Fulmar_021_25
342528.5697432902,1500000.0,False,76.08131530673724,0.3258372656944054,CH4,250.0,0.15,8.1,36.0,800.0,2099.42,1,15,15,131,Orrin_012_26
203848.73854769365,1500000.0,False,141.22001465182632,2.06002727616923,N2,306.6,0.18,29.1,86.3,2034.0,2167.5,1,8,8,59,Fulmar_021_28
15930.070029483999,1500000.0,False,315.88427800065585,3.0962913607022227,H2,100.0,0.14,13.7,57.56,1358.94,1539.84,0,1,1,22,Bunter Closure 7
35017.78853309723,100000.0,True,223.06429827647895,3.8352458184455873,N2,50.0,0.15,14.1,59.11375,1403.25,1660.17,0,18,18,11,Bunter Closure 37
985893.3061902109,1500000.0,False,328.2331263166128,3.9831911506725155,H2,100.0,0.19,7.3,35.22,720.61,1102.04,0,5,5,16,Bunter Closure 41
73604.95390431203,1500000.0,False,229.87780198694378,2.5954848585571266,H2,271.0,0.22,11.5,49.23,1080.0,1449.75,1,12,12,9,Bunter Closure 35
1067074.556698937,1500000.0,False,34.63373757579316,3.236600164914671,CO2,350.0,0.14,10.3,45.7819,1022.34,1421.13,2,2,2,23,Bunter Sandstone Formation Zone 1
71741.37837540048,1500000.0,False,126.72883125655686,2.887052807334571,N2,1600.0,0.23,50.7,106.88,2472.0,2840.34,3,10,10,58,Fulmar_021_25
17215.1629951138,1500000.0,False,247.8799227655527,1.893724822923413,CO2,100.0,0.14,13.7,57.56,1358.94,1539.84,0,1,1,22,Bunter Closure 7
17828.073164622623,1500000.0,False,337.71021735205295,0.33580823715577635,CO2,100.0,0.14,0.7,12.2771,65.06,1591.16,0,16,16,25,Bunter Sandstone Formation Zone 4
886161.0194585316,1500000.0,False,145.6504996482936,1.8424789858433723,H2,1600.0,0.23,50.7,106.88,2472.0,2840.34,3,10,10,58,Fulmar_021_25
18770.523634232155,1500000.0,False,109.00283181996181,2.6289861279370013,N2,470.0,0.22,23.88,79.71,2241.0,3300.75,3,0,0,147,Statfjord_009_24
21072.736139969486,1500000.0,False,222.46585330306928,3.2123061824225236,N2,100.0,0.14,0.7,12.2771,65.06,1591.16,0,16,16,25,Bunter Sandstone Formation Zone 4
100712.00230419335,1500000.0,False,262.3575428651958,0.10288301076656704,N2,271.0,0.22,11.5,49.23,1080.0,1449.75,1,12,12,9,Bunter Closure 35
10081.65677355283,1500000.0,False,149.24441296319952,2.07922551880556,CH4,100.0,0.21,13.5,56.88215,1339.49,1457.1,0,3,3,14,Bunter Closure 4
223566.05040103133,1500000.0,False,185.70569416882995,0.665528243179946,N2,1600.0,0.23,34.8,95.01,2260.0,2375.5,3,4,4,55,Fulmar_021_18
54403.91919705347,1500000.0,False,334.0553238334381,1.38678664425652,CO2,100.0,0.29,7.3,35.36275,724.65,1297.48,0,7,7,3,Bunter Closure 1
165642.1108215346,1500000.0,False,354.7267674273553,0.8925677910291407,CH4,100.0,0.23,0.2,8.8,20.46,617.17,0,11,11,143,Spilsby Sandstone Formation 1
94921.57672406457,1500000.0,False,40.650798982022835,0.5237231939896858,CH4,500.0,0.23,30.9,94.54,2248.0,2848.65,3,17,17,86,Fulmar_030_29
200138.5158828805,1500000.0,False,116.5209873167677,2.367676806169263,N2,470.0,0.22,23.88,79.71,2241.0,3300.75,3,0,0,147,Statfjord_009_24
27874.240445696854,1500000.0,False,295.29016106357875,1.4647760867727508,CO2,100.0,0.23,0.2,8.8,20.46,617.17,0,11,11,143,Spilsby Sandstone Formation 1
707100.6274040254,1500000.0,False,289.9310163803882,1.801300194049698,CH4,100.0,0.16,8.9,41.12,889.06,1067.15,0,9,9,17,Bunter Closure 42
119902.9488115949,1500000.0,False,65.90600331520326,3.3293223386853845,CO2,100.0,0.21,13.5,56.88215,1339.49,1457.1,0,3,3,14,Bunter Closure 4
473055.8131251591,1500000.0,False,164.55450149661095,2.3926740411369702,H2,100.0,0.14,0.7,12.2771,65.06,1591.16,0,16,16,25,Bunter Sandstone Formation Zone 4
564234.8632078512,1500000.0,False,364.01914222236604,1.988439871561168,H2,100.0,0.29,7.3,35.36275,724.65,1297.48,0,7,7,3,Bunter Closure 1
1143688.1824097286,1500000.0,False,51.22793587040415,3.9655147665193513,CO2,100.0,0.14,13.7,57.56,1358.94,1539.84,0,1,1,22,Bunter Closure 7
78654.84041684798,1500000.0,False,29.243194794108042,0.6962850144408682,CH4,100.0,0.23,0.2,8.8,20.46,617.17,0,11,11,143,Spilsby Sandstone Formation 1
93352.58565517525,1500000.0,False,235.9251532655682,2.2023372488447883,H2,271.0,0.22,11.5,49.23,1080.0,1449.75,1,12,12,9,Bunter Closure 35
18981.912260585246,100000.0,True,208.47091992666174,1.897262762755865,H2,50.0,0.15,14.1,59.11375,1403.25,1660.17,0,18,18,11,Bunter Closure 37
194308.78479178122,1500000.0,False,215.38489144973275,1.2976336914786644,N2,100.0,0.14,13.7,57.56,1358.94,1539.84,0,1,1,22,Bunter Closure 7
291279.97482291085,1500000.0,False,116.11046609225394,3.696808627389436,CH4,271.0,0.22,11.5,49.23,1080.0,1449.75,1,12,12,9,Bunter Closure 35
88012.89802418217,1500000.0,False,330.8092034972237,2.684136492884226,CO2,100.0,0.29,7.3,35.36275,724.65,1297.48,0,7,7,3,Bunter Closure 1
13995.48176472164,1500000.0,False,44.61678829702932,1.2771072077634187,N2,100.0,0.14,13.7,57.56,1358.94,1539.84,0,1,1,22,Bunter Closure 7
199341.93227709888,1500000.0,False,158.54899322885365,3.0073805113179164,N2,470.0,0.22,23.88,79.71,2241.0,3300.75,3,0,0,147,Statfjord_009_24
135683.0199637287,1500000.0,False,257.28085682917003,2.312554524091643,CH4,100.0,0.21,13.5,56.88215,1339.49,1457.1,0,3,3,14,Bunter Closure 4
60357.098720387825,1500000.0,False,324.9613064605066,2.40673981326946,H2,306.6,0.18,41.4,100.47,2402.0,2759.0,1,6,6,61,Fulmar_021_30
47172.89448856617,1500000.0,False,186.70903331087848,2.742250366190787,CH4,1600.0,0.23,34.8,95.01,2260.0,2375.5,3,4,4,55,Fulmar_021_18
83256.47723856547,1500000.0,False,69.50280379398859,0.21618245816068515,H2,350.0,0.16,13.3,56.29345,1322.67,1847.3,2,19,19,24,Bunter Sandstone Formation Zone 2
1107891.1667912535,1500000.0,False,24.49551941408747,2.654771185339698,H2,100.0,0.14,13.7,57.56,1358.94,1539.84,0,1,1,22,Bunter Closure 7
721284.0326299607,1500000.0,False,36.327022782753176,1.9794514422823701,N2,1600.0,0.23,29.7,81.29,2094.0,2196.3,3,14,14,54,Fulmar_021_16
39900.85724360913,1500000.0,False,253.00487234364658,1.5309920835464075,H2,100.0,0.14,13.7,57.56,1358.94,1539.84,0,1,1,22,Bunter Closure 7
845548.0501777816,1500000.0,False,195.95799029828694,2.2590576887319553,N2,1600.0,0.23,50.7,106.88,2472.0,2840.34,3,10,10,58,Fulmar_021_25
123876.55334994462,1500000.0,False,295.53791213888195,3.9172167937939473,H2,306.6,0.18,41.4,100.47,2402.0,2759.0,1,6,6,61,Fulmar_021_30
881112.5132844454,1500000.0,False,142.3073978715424,2.356497267474593,N2,271.0,0.22,11.5,49.23,1080.0,1449.75,1,12,12,9,Bunter Closure 35
1253107.4872213365,1500000.0,False,286.11042650469386,1.137833814290677,CO2,100.0,0.23,0.2,8.8,20.46,617.17,0,11,11,143,Spilsby Sandstone Formation 1
409550.5005003041,1500000.0,False,345.21566824315744,1.3974341270483723,N2,1600.0,0.23,34.8,95.01,2260.0,2375.5,3,4,4,55,Fulmar_021_18
604716.7832266581,1500000.0,False,296.4336569169312,2.1165219220255276,CO2,100.0,0.16,8.9,41.12,889.06,1067.15,0,9,9,17,Bunter Closure 42
14601.175744137729,1500000.0,False,68.95122144078209,0.11064901566709828,CO2,250.0,0.15,8.1,36.0,800.0,2099.42,1,15,15,131,Orrin_012_26
23689.905135057554,1500000.0,False,287.6480916875164,0.7511415010973399,H2,500.0,0.23,30.9,94.54,2248.0,2848.65,3,17,17,86,Fulmar_030_29
66129.71367047397,1500000.0,False,267.057276182127,1.771934456681774,N2,350.0,0.16,13.3,56.29345,1322.67,1847.3,2,19,19,24,Bunter Sandstone Formation Zone 2
50483.92482014737,1500000.0,False,183.18563994523362,1.3401097550986354,H2,470.0,0.22,23.88,79.71,2241.0,3300.75,3,0,0,147,Statfjord_009_24
20477.50452397154,1500000.0,False,346.4519202239744,0.6074653939623883,N2,100.0,0.19,7.3,35.22,720.61,1102.04,0,5,5,16,Bunter Closure 41
14117.107851904917,1500000.0,False,278.4939666238993,0.5308991281581676,CO2,100.0,0.29,7.3,35.36275,724.65,1297.48,0,7,7,3,Bunter Closure 1
192164.25491186726,1500000.0,False,30.159066254920393,3.9242479593678987,CO2,100.0,0.14,13.7,57.56,1358.94,1539.84,0,1,1,22,Bunter Closure 7
115446.79319803634,1500000.0,False,285.34015605639047,0.03951735345140622,CH4,100.0,0.21,13.5,56.88215,1339.49,1457.1,0,3,3,14,Bunter Closure 4
235348.4011761623,1500000.0,False,148.3289750217737,2.6017459436194086,N2,500.0,0.23,30.9,94.54,2248.0,2848.65,3,17,17,86,Fulmar_030_29
26986.319652922728,100000.0,True,259.9541684055389,2.449150167969627,CH4,50.0,0.15,14.1,59.11375,1403.25,1660.17,0,18,18,11,Bunter Closure 37
104716.8042096445,1500000.0,False,32.7099331083452,0.0506997632450704,CO2,1600.0,0.23,34.8,95.01,2260.0,2375.5,3,4,4,55,Fulmar_021_18
