Optimal Loss Cost ($\times 10^9$),LCOS,Scenario
0.7210298946891642,55.94960433003877,CL14–5 TWh
0.1522042503294089,55.98198416972981,CL14–5 TWh
0.1210902521553235,55.67423442771899,CL14–5 TWh
0.04036341738510784,55.67102780977381,CL14–5 TWh
0.03805106258235223,55.91194598963543,CL14–5 TWh
0.07610212516470446,56.16092910349442,CL14–5 TWh
0.02674708044149039,56.87844011680466,CL14–5 TWh
1.413181748578363,56.13666461143318,CL14–5 TWh
0.2413799312066043,55.78796719606176,CL14–5 TWh
0.3044085006588178,56.0709194183483,CL14–5 TWh
0.22830637549411342,55.94283598721645,CL14–5 TWh
0.07610212516470446,55.55392896606971,CL14–5 TWh
0.03805106258235223,55.73406900410086,CL14–5 TWh
0.11415318774705671,56.04489915880463,CL14–5 TWh
1.8652761177683919,55.8161148383171,CL14–5 TWh
0.3424595632411701,56.19289056621137,CL14–5 TWh
0.07882536181502443,56.15831692941082,CL14–5 TWh
0.19148088056971388,56.15839731833248,CL14–5 TWh
0.15524586670317062,55.73513235952404,CL14–5 TWh
0.07610212516470446,55.99942564221628,CL14–5 TWh
0.1902553129117612,55.72764395729392,CL14–5 TWh
0.045804497537300246,55.2840827138198,CL14–5 TWh
0.4763080553955185,20.93157647706121,CL14–5 TWh
1.585687764344181,20.7223059973471,CL14–5 TWh
0.20225462626008478,20.72845358866735,CL14–5 TWh
0.2010674452980851,20.57520548913288,CL14–5 TWh
0.06702248176602837,20.57296799574844,CL14–5 TWh
0.0669688877021294,20.766454877939,CL14–5 TWh
0.0683051869096863,20.94755484977977,CL14–5 TWh
0.3970730900651357,20.62218647905693,CL14–5 TWh
0.0683051869096863,20.92605204620023,CL14–5 TWh
0.1318919003025119,20.91223879459023,CL14–5 TWh
0.12644707630998409,20.875501130547,CL14–5 TWh
0.06702248176602837,20.82643941687928,CL14–5 TWh
0.3857815700951197,20.79357437421067,CL14–5 TWh
1.321406470286818,20.9036503155162,CL14–5 TWh
0.1348364175067232,20.84695816535871,CL14–5 TWh
0.26614225325632995,20.86326397581693,CL14–5 TWh
0.5322845065126599,20.86326397581693,CL14–5 TWh
0.06630928822043194,21.0059508141152,CL14–5 TWh
3.024098542722354,20.70113440899248,CL14–5 TWh
0.1295477071668573,20.87159087879185,CL14–5 TWh
0.1989501512922345,20.92374755323112,CL14–5 TWh
0.2651722466749214,20.70390097018386,CL14–5 TWh
0.26420907552836953,20.94986430906978,CL14–5 TWh
0.3154502281000668,20.58731290454351,CL14–5 TWh
0.1348364175067232,20.78678244932718,CL14–5 TWh
0.3415259345484315,20.79523958262787,CL14–5 TWh
0.06263925641168155,20.30578007606156,CL14–5 TWh
0.6480829375045654,16.57128018914725,CL14–5 TWh
2.216337759596776,16.41715957073228,CL14–5 TWh
0.2760417987012558,16.44811130713299,CL14–5 TWh
0.27492476334433846,16.35922283315939,CL14–5 TWh
0.0920139329004186,16.34953151563538,CL14–5 TWh
0.0914180342568826,16.48601270909258,CL14–5 TWh
0.08228132841425269,16.59322172365411,CL14–5 TWh
0.09273713342565855,16.52616535189203,CL14–5 TWh
1.409774843429882,16.55795440140891,CL14–5 TWh
0.5409236774471725,16.34455005295582,CL14–5 TWh
0.09273713342565855,16.5283495238514,CL14–5 TWh
0.179466788438777,16.54927014534105,CL14–5 TWh
0.6480829375045654,16.56999729046901,CL14–5 TWh
0.0920139329004186,16.55908708650203,CL14–5 TWh
0.527510544844224,16.50685897667851,CL14–5 TWh
0.1867966907887988,16.53942718799213,CL14–5 TWh
0.1840278658008372,16.54850691782655,CL14–5 TWh
0.2760417987012558,16.54850691782655,CL14–5 TWh
0.4600696645020931,16.54850691782655,CL14–5 TWh
4.133584690083759,16.45581932626197,CL14–5 TWh
0.18326593079057052,16.53715777688162,CL14–5 TWh
0.3632941259346698,16.47798638784025,CL14–5 TWh
0.6541321727961834,16.55608655260911,CL14–5 TWh
0.4275385928671671,16.20070462701394,CL14–5 TWh
0.1840278658008372,16.50404463635865,CL14–5 TWh
0.4636856671282928,16.42764340917172,CL14–5 TWh
0.08611714121742765,16.19731433656024,CL14–5 TWh
2.6355161311086097,15.07723275482215,CL14–5 TWh
0.3286510328749889,15.12004501003788,CL14–5 TWh
0.32059949155316203,15.03710509559428,CL14–5 TWh
0.109550344291663,15.03075860750881,CL14–5 TWh
0.1088499378505923,15.15754918030535,CL14–5 TWh
0.2226799309769434,15.14432917904917,CL14–5 TWh
0.1101567736294309,15.15407350331663,CL14–5 TWh
4.112825923324334,15.17398418874866,CL14–5 TWh
0.6434871581611726,15.01594734289765,CL14–5 TWh
0.11150041691849301,15.15639770987563,CL14–5 TWh
0.04972532107211056,15.35344430542533,CL14–5 TWh
0.6285613450727252,15.17928188488703,CL14–5 TWh
0.2218625855850448,15.17085700109911,CL14–5 TWh
0.11150041691849301,15.17692262853274,CL14–5 TWh
5.040922009436921,15.09879355091811,CL14–5 TWh
0.2218625855850448,15.16475059948952,CL14–5 TWh
0.5553968766945491,15.05033886133897,CL14–5 TWh
0.7765499327240668,15.18002955315489,CL14–5 TWh
0.5071586191770723,14.82224381134737,CL14–5 TWh
0.1890573711985136,15.16008014929817,CL14–5 TWh
0.5507838681471549,15.07028396719117,CL14–5 TWh
0.1028565486074342,14.92685518182144,CL14–5 TWh
2.9343845167350184,14.4149560642629,CL14–5 TWh
0.3661606897540805,14.46342608734839,CL14–5 TWh
0.3583067512149973,14.37228247189663,CL14–5 TWh
0.1190031241659569,14.37484367409404,CL14–5 TWh
0.1239780436861419,14.49799068797751,CL14–5 TWh
0.2475853796569116,14.45869910784293,CL14–5 TWh
4.716772155934807,14.4875849021968,CL14–5 TWh
0.7166135024299944,14.35916217155863,CL14–5 TWh
0.1239780436861419,14.47098925587906,CL14–5 TWh
0.23757168687787422,14.52502766835222,CL14–5 TWh
0.3600245957456158,14.5126164260437,CL14–5 TWh
0.5077576403991442,14.53098778518787,CL14–5 TWh
5.6088373364719635,14.42556663615059,CL14–5 TWh
0.2468621815148262,14.48565500657049,CL14–5 TWh
0.6159408065185823,14.32343739679783,CL14–5 TWh
0.8638321036759973,14.50045279383697,CL14–5 TWh
0.5639265975461607,14.14294416852296,CL14–5 TWh
0.2102458052331425,14.48016109362406,CL14–5 TWh
0.6128836817314938,14.39978380702151,CL14–5 TWh
0.1147915147292557,14.29813902592053,CL14–5 TWh
3.147473545171242,14.06775239267076,CL14–5 TWh
0.3929045567060473,14.1194496765943,CL14–5 TWh
0.3843757876249147,14.0270691876584,CL14–5 TWh
0.1281252625416382,14.02465195909051,CL14–5 TWh
0.1326713101797843,14.13788879465485,CL14–5 TWh
0.2653426203595687,14.09855304509638,CL14–5 TWh
0.1314319981131279,14.121145576507,CL14–5 TWh
5.054788338999245,14.12596482661516,CL14–5 TWh
0.7687515752498292,14.01493396250055,CL14–5 TWh
0.13287441912423112,14.11098528308909,CL14–5 TWh
0.0357841252167911,14.38979118329692,CL14–5 TWh
0.044119574698328105,14.17672524787508,CL14–5 TWh
0.2645894529371585,14.13245221995343,CL14–5 TWh
0.13287441912423112,14.13016539161253,CL14–5 TWh
0.5434412394549477,14.15029600977882,CL14–5 TWh
0.032206428366556475,14.35909533150575,CL14–5 TWh
6.013753115764897,14.07228024711612,CL14–5 TWh
0.2646865479054364,14.12919857585792,CL14–5 TWh
0.6591077917347471,13.94015244232292,CL14–5 TWh
0.9260630852800547,14.14374027265759,CL14–5 TWh
0.6044013815605486,13.78588344735441,CL14–5 TWh
0.2254350757185134,14.1222895096391,CL14–5 TWh
0.6571599905656396,14.04797667556838,CL14–5 TWh
0.12330098062672021,13.96945455055448,CL14–5 TWh
3.299403077445872,13.83883067002799,CL14–5 TWh
0.5631278827589545,13.88287364922057,CL14–5 TWh
0.40296265029764233,13.79937840129552,CL14–5 TWh
0.1343208834325474,13.79700360034557,CL14–5 TWh
0.27800328756632803,13.86171045790736,CL14–5 TWh
0.1377456773685872,13.88702074968833,CL14–5 TWh
5.29578920596601,13.88819158175571,CL14–5 TWh
0.826474064211523,13.7888750826189,CL14–5 TWh
0.13921741185908662,13.87421274378341,CL14–5 TWh
0.04622090231707488,13.93750711553773,CL14–5 TWh
0.27800328756632803,13.89624335697094,CL14–5 TWh
0.142220788103993,13.90089396552627,CL14–5 TWh
0.2844415762079861,13.90089396552627,CL14–5 TWh
0.5688831524159722,13.90089396552627,CL14–5 TWh
6.302452470255616,13.83964101598779,CL14–5 TWh
0.2773950747999947,13.89449080452017,CL14–5 TWh
0.6898852556038485,13.68924472397706,CL14–5 TWh
0.9704329150994501,13.90894122345646,CL14–5 TWh
0.6332593431803936,13.55111376442919,CL14–5 TWh
0.688728386842936,13.81627533308028,CL14–5 TWh
0.11562150083292261,13.7335632229053,CL14–5 TWh
0.9940738543565087,70.83074480367327,CL60–15 TWh
0.9940738543565087,70.12394144152475,CL60–15 TWh
0.1003475080357062,71.32076053026921,CL60–15 TWh
0.09951131426759648,70.2490727599092,CL60–15 TWh
0.050173754017853116,70.84179176031499,CL60–15 TWh
0.2985339428027893,71.19350533873929,CL60–15 TWh
0.09951131426759648,70.58832940130375,CL60–15 TWh
1.888740323277366,71.4191622199118,CL60–15 TWh
0.447800914204184,70.10694554669395,CL60–15 TWh
0.447800914204184,71.23375080153184,CL60–15 TWh
0.2487782856689911,69.0474513542758,CL60–15 TWh
0.2487782856689911,69.77475614230286,CL60–15 TWh
0.03416105439156851,71.2523950732817,CL60–15 TWh
1.524799098295351,24.69125104113564,CL60–15 TWh
1.524799098295351,24.09861100057114,CL60–15 TWh
0.30454320946421476,24.52921268812127,CL60–15 TWh
0.2284074070981611,24.59865833440026,CL60–15 TWh
0.0761358023660537,24.58479345138489,CL60–15 TWh
0.0761358023660537,24.62251963604276,CL60–15 TWh
0.15227160473210738,24.54478577227065,CL60–15 TWh
0.30454320946421476,24.64726297250242,CL60–15 TWh
0.15227160473210738,24.36669015688739,CL60–15 TWh
0.0761358023660537,24.49448613558965,CL60–15 TWh
0.4568148141963223,24.34259212969041,CL60–15 TWh
0.0761358023660537,24.7302862779843,CL60–15 TWh
0.0761358023660537,24.7302862779843,CL60–15 TWh
0.15227160473210738,24.13910029944422,CL60–15 TWh
0.15227160473210738,24.6237254778051,CL60–15 TWh
0.30454320946421476,24.6237254778051,CL60–15 TWh
0.0761358023660537,24.60037985953636,CL60–15 TWh
0.6090864189284297,24.62372547780511,CL60–15 TWh
0.30454320946421476,24.69318832213064,CL60–15 TWh
0.6852222212944835,24.4044320225258,CL60–15 TWh
0.1761216867389217,24.68332690323633,CL60–15 TWh
0.6852222212944835,24.5475524182826,CL60–15 TWh
0.38067901183026864,23.75411416089708,CL60–15 TWh
0.38067901183026864,23.85306480822253,CL60–15 TWh
0.07472294647393073,23.87074504334006,CL60–15 TWh
2.014913112009199,19.0507594025849,CL60–15 TWh
2.014913112009199,18.5495856238578,CL60–15 TWh
0.4019893287871152,18.8557582021483,CL60–15 TWh
0.3014919965903363,18.90212903885816,CL60–15 TWh
0.1004973321967788,18.89047329433835,CL60–15 TWh
0.1004973321967788,18.92489896278072,CL60–15 TWh
0.2009946643935576,18.8749556761536,CL60–15 TWh
0.4019893287871152,18.98884577243193,CL60–15 TWh
0.1813246216852994,18.80407088644253,CL60–15 TWh
0.08955830755855593,18.9599549578347,CL60–15 TWh
0.6029839931806729,18.71848399764731,CL60–15 TWh
0.482167532178001,19.00791375340336,CL60–15 TWh
0.2009946643935576,18.56131960205727,CL60–15 TWh
0.2009946643935576,18.93267054399625,CL60–15 TWh
0.4019893287871152,18.93267054399625,CL60–15 TWh
0.1004973321967788,18.93448747351266,CL60–15 TWh
0.8039786575742304,18.93267054399625,CL60–15 TWh
0.2024019934227792,18.99495989407437,CL60–15 TWh
0.9044759897710092,18.82363181914657,CL60–15 TWh
0.16471154622076342,18.7463104278916,CL60–15 TWh
0.9044759897710092,18.89115203733199,CL60–15 TWh
0.502486660983894,18.27796190061314,CL60–15 TWh
0.502486660983894,18.34165736903943,CL60–15 TWh
0.09738699894487071,18.15215309634661,CL60–15 TWh
1.694483338474503,17.20468511933471,CL60–15 TWh
2.364357630158442,16.77317757932796,CL60–15 TWh
0.4714670651086596,17.04004184018291,CL60–15 TWh
0.35360029883149463,17.07984284002759,CL60–15 TWh
0.11866818373604239,17.0610727560132,CL60–15 TWh
0.1178667662771649,17.10174868334733,CL60–15 TWh
0.2357335325543298,17.05956161605431,CL60–15 TWh
0.4714670651086596,17.17306529523633,CL60–15 TWh
0.2357335325543298,16.98377121252743,CL60–15 TWh
0.1178667662771649,17.06737427332398,CL60–15 TWh
0.7167122626525989,16.93041748070191,CL60–15 TWh
0.9429341302173194,17.18562656462435,CL60–15 TWh
0.2357335325543298,16.77559126694777,CL60–15 TWh
0.2357335325543298,17.1108273461682,CL60–15 TWh
0.4714670651086596,17.1108273461682,CL60–15 TWh
0.1178667662771649,17.11841522866014,CL60–15 TWh
0.9429341302173194,17.1108273461682,CL60–15 TWh
0.4714670651086596,17.18155421321415,CL60–15 TWh
1.060800896494484,17.03025081408959,CL60–15 TWh
0.1929157588228288,16.89456133600708,CL60–15 TWh
1.060800896494484,17.07843146836061,CL60–15 TWh
0.5893338313858244,16.5233043854209,CL60–15 TWh
0.5893338313858244,16.57714604631982,CL60–15 TWh
0.1139104730566945,16.32411637026946,CL60–15 TWh
1.8691760666688169,16.31231405945211,CL60–15 TWh
2.613506742095181,15.93406360445278,CL60–15 TWh
0.5210037308877312,16.18242718088447,CL60–15 TWh
0.39075279816579833,16.21922709557728,CL60–15 TWh
0.1311220466790764,16.19945480280544,CL60–15 TWh
0.1311220466790764,16.22995651730016,CL60–15 TWh
0.2605018654438656,16.20199432166829,CL60–15 TWh
0.5210037308877312,16.3148099690234,CL60–15 TWh
0.2605018654438656,16.13571209006679,CL60–15 TWh
0.1302509327219328,16.2144908962115,CL60–15 TWh
0.7907891212269479,16.05338972164328,CL60–15 TWh
1.042007461775463,16.32184357903241,CL60–15 TWh
0.02623490169491923,16.54889599463569,CL60–15 TWh
0.1311220466790764,16.33357346357772,CL60–15 TWh
0.033318793160096866,16.49431563001694,CL60–15 TWh
0.2605018654438656,15.93206179240443,CL60–15 TWh
0.2605018654438656,16.25025695560576,CL60–15 TWh
0.5210037308877312,16.25025695560576,CL60–15 TWh
0.1302509327219328,16.26028496763065,CL60–15 TWh
1.042007461775463,16.25025695560577,CL60–15 TWh
0.26224409335815274,16.30631978388451,CL60–15 TWh
0.02623490169491923,16.51850519410565,CL60–15 TWh
0.01388014282156552,16.96444215253026,CL60–15 TWh
1.172258394497395,16.18227004453159,CL60–15 TWh
0.2130249726113207,16.02111569062452,CL60–15 TWh
1.1861836818404219,16.20370431092064,CL60–15 TWh
0.6589909343557903,15.70108099770131,CL60–15 TWh
0.6512546636096639,15.74363485530981,CL60–15 TWh
0.125691481735481,15.46255573355074,CL60–15 TWh
1.99372956752766,15.81507431641135,CL60–15 TWh
2.791146615536707,15.46650181762498,CL60–15 TWh
0.5563226889659107,15.70456112146756,CL60–15 TWh
0.41724201672443306,15.73969369404566,CL60–15 TWh
0.1396472032396239,15.73415285702836,CL60–15 TWh
0.14000147883864342,15.74936885308954,CL60–15 TWh
0.27816134448295543,15.72414974484479,CL60–15 TWh
0.5563226889659107,15.83655979903967,CL60–15 TWh
0.27816134448295543,15.66314056981654,CL60–15 TWh
0.13908067224147772,15.73923379202452,CL60–15 TWh
0.843604897610025,15.56471520095412,CL60–15 TWh
1.112645377931822,15.84053498875274,CL60–15 TWh
0.03128991859254191,16.00716751168537,CL60–15 TWh
0.14000147883864342,15.85195532209512,CL60–15 TWh
0.03556106290339054,16.02165692196278,CL60–15 TWh
0.03556106290339054,15.99350440146025,CL60–15 TWh
0.27816134448295543,15.4620403419608,CL60–15 TWh
0.27816134448295543,15.77074104389401,CL60–15 TWh
0.5563226889659107,15.77074104389401,CL60–15 TWh
0.13908067224147772,15.7821157368192,CL60–15 TWh
1.112645377931822,15.77074104389402,CL60–15 TWh
0.28000295767728683,15.82558106757858,CL60–15 TWh
1.251726050173299,15.70973271540433,CL60–15 TWh
0.2273625641227977,15.53450115610816,CL60–15 TWh
1.2654073464150382,15.71097183637112,CL60–15 TWh
0.7030040813416879,15.22163690781855,CL60–15 TWh
0.6954033612073885,15.27919548480628,CL60–15 TWh
0.1353846706889694,15.00317335426953,CL60–15 TWh
3.296260791940987,15.51981579953516,CL60–15 TWh
2.9178013902257414,15.18180497853404,CL60–15 TWh
0.5815046179494159,15.41358123313404,CL60–15 TWh
0.4361284634620619,15.44768310962741,CL60–15 TWh
0.14633239125007752,15.42701291520669,CL60–15 TWh
0.14633239125007752,15.45672520805496,CL60–15 TWh
0.2907523089747079,15.43319890841677,CL60–15 TWh
0.2907523089747079,15.37548984377037,CL60–15 TWh
0.145376154487354,15.44993802326433,CL60–15 TWh
0.8812618162298588,15.26716063543506,CL60–15 TWh
0.6979388485832521,15.54247511017395,CL60–15 TWh
0.03715977024103332,15.7173516599663,CL60–15 TWh
0.2907523089747079,15.17584917827223,CL60–15 TWh
0.2907523089747079,15.47876594077084,CL60–15 TWh
0.5815046179494159,15.47876594077084,CL60–15 TWh
0.145376154487354,15.49100462590427,CL60–15 TWh
1.163009235898832,15.47876594077085,CL60–15 TWh
0.0134796633247487,16.34114952981766,CL60–15 TWh
0.29266478250015504,15.53290164196175,CL60–15 TWh
0.03269843443606383,15.67650344171308,CL60–15 TWh
1.308385390386186,15.42214120089199,CL60–15 TWh
0.23758506871756319,15.23803207652891,CL60–15 TWh
1.321892724344789,15.41095966985586,CL60–15 TWh
0.734384846858216,14.92966461655878,CL60–15 TWh
0.72688077243677,14.9964038103597,CL60–15 TWh
0.1400800455263271,14.69014348254304,CL60–15 TWh
1.594574275481554,112.9096283521389,CL180–50 TWh
0.3211575282024555,116.5935814079177,CL180–50 TWh
0.1605787641012277,116.4220864963901,CL180–50 TWh
2.949962409640876,116.3695013086735,CL180–50 TWh
0.4817362923036833,115.2750988706316,CL180–50 TWh
0.1605787641012277,114.4225977514289,CL180–50 TWh
0.0791428192590745,116.8819689000836,CL180–50 TWh
3.029691123414953,113.9576689227925,CL180–50 TWh
0.7226044384555248,109.8542342384079,CL180–50 TWh
0.11979691683557181,116.4507983918284,CL180–50 TWh
0.254865908201172,116.8140753955802,CL180–50 TWh
0.4014469102530694,109.0492225652593,CL180–50 TWh
0.4014469102530694,113.3541838615289,CL180–50 TWh
2.125299519420397,32.97204369520481,CL180–50 TWh
3.931804110927734,33.75505146266499,CL180–50 TWh
0.6400171636972163,33.19955194154102,CL180–50 TWh
0.03344353812484453,35.18771964903134,CL180–50 TWh
0.2133390545657387,33.3992171994952,CL180–50 TWh
0.1066695272828694,33.74380853480334,CL180–50 TWh
4.038069086898754,33.28223442493481,CL180–50 TWh
0.9600257455458243,33.01245788999618,CL180–50 TWh
0.5333476364143469,33.42722938913001,CL180–50 TWh
0.5333476364143469,31.64132779992817,CL180–50 TWh
0.5333476364143469,33.14751927806918,CL180–50 TWh
2.615413533134245,23.57213502100627,CL180–50 TWh
4.838515036298353,24.16369739096071,CL180–50 TWh
0.7861863426815667,23.59385059430924,CL180–50 TWh
0.03510713032096375,24.54551194176291,CL180–50 TWh
0.2620621142271889,23.81017574247769,CL180–50 TWh
0.1310310571135944,24.11429428468907,CL180–50 TWh
4.969285712955065,23.78125405827392,CL180–50 TWh
1.062290527957534,23.62459875722226,CL180–50 TWh
0.6551552855679724,23.6772428577177,CL180–50 TWh
0.6551552855679724,22.76696389633702,CL180–50 TWh
0.6551552855679724,23.5821149662366,CL180–50 TWh
0.04446126565560419,24.29473707455234,CL180–50 TWh
2.964858051283487,20.57311286090115,CL180–50 TWh
5.484987394874452,21.09861424283584,CL180–50 TWh
0.8904029471638834,20.54484893738165,CL180–50 TWh
0.2968009823879611,20.7546538160258,CL180–50 TWh
0.14840049119398052,21.03665350521702,CL180–50 TWh
0.03445687196261861,21.25461530905372,CL180–50 TWh
5.633230297438627,20.75197520442896,CL180–50 TWh
1.203426303317675,20.61251709115337,CL180–50 TWh
0.7420024559699028,20.5950752216097,CL180–50 TWh
0.7420024559699028,19.90660333936059,CL180–50 TWh
0.02536289183573359,21.65303143393631,CL180–50 TWh
0.7420024559699028,20.54187959243391,CL180–50 TWh
3.214007163220227,19.15802160846605,CL180–50 TWh
5.945913251957419,19.65165408805461,CL180–50 TWh
0.9647079458324908,19.10837255455339,CL180–50 TWh
0.32156931527749694,19.31344714630155,CL180–50 TWh
0.1607846576387484,19.58371823783811,CL180–50 TWh
0.03236290359655523,19.93613063372627,CL180–50 TWh
6.106613610118431,19.3228857891597,CL180–50 TWh
0.01488269446251864,20.36927694227767,CL180–50 TWh
1.304054160580167,19.19071395877785,CL180–50 TWh
0.8039232881937426,19.1447384714208,CL180–50 TWh
0.8039232881937426,18.55284979056323,CL180–50 TWh
0.8039232881937426,19.10896895005,CL180–50 TWh
3.3916470366617517,18.36983620540936,CL180–50 TWh
6.274547017824241,18.84561828230211,CL180–50 TWh
1.01768638294976,18.30860308082124,CL180–50 TWh
0.3392287943165867,18.51079934323161,CL180–50 TWh
0.1696143971582933,18.77435036688408,CL180–50 TWh
0.03937735447393842,18.89642117258012,CL180–50 TWh
6.444129369657328,18.52694368137831,CL180–50 TWh
1.375800432079379,18.39871377415838,CL180–50 TWh
0.848071985791467,18.33751692803176,CL180–50 TWh
0.848071985791467,17.79825289680226,CL180–50 TWh
0.848071985791467,18.31110100692074,CL180–50 TWh
4.241572193810961,17.94269553457908,CL180–50 TWh
0.7036395176166786,18.35919891391817,CL180–50 TWh
0.3518197588083393,18.28505887979651,CL180–50 TWh
0.3518197588083393,18.35355747281558,CL180–50 TWh
1.0554592764250181,17.82156039253007,CL180–50 TWh
3.0596192298771463,18.3770611293277,CL180–50 TWh
0.3518197588083393,18.02207637890616,CL180–50 TWh
8.143818612117045,18.0965919149706,CL180–50 TWh
0.01625759173969677,18.92189187770561,CL180–50 TWh
1.426954532087801,17.9165234947347,CL180–50 TWh
0.8795493970208483,17.84586470090623,CL180–50 TWh
0.8795493970208483,17.33902009615333,CL180–50 TWh
0.8795493970208483,17.82524039273674,CL180–50 TWh
0.04893887350842232,18.31454013521681,CL180–50 TWh
2.495324907169122,178.7327856893842,CL360–100 TWh
0.1994781795223416,181.684954701927,CL360–100 TWh
0.1260899694258373,181.0273240447494,CL360–100 TWh
0.1260899694258373,181.6975827032523,CL360–100 TWh
0.2521799388516746,181.628696540493,CL360–100 TWh
4.616351078262877,179.851830891576,CL360–100 TWh
0.7565398165550241,178.5394384548583,CL360–100 TWh
0.1260899694258373,181.0165259448493,CL360–100 TWh
0.38595276554092484,180.958453931369,CL360–100 TWh
0.2521799388516746,181.8591989207171,CL360–100 TWh
0.5043598777033493,181.8591989207171,CL360–100 TWh
0.1260899694258373,181.6403003087952,CL360–100 TWh
1.0087197554066991,181.8591989207171,CL360–100 TWh
4.741117323621334,177.1124004327262,CL360–100 TWh
0.3989563590446832,180.0674979812268,CL360–100 TWh
0.6304498471291868,180.1078447695377,CL360–100 TWh
3.026050151107965,47.62508894262268,CL360–100 TWh
0.11361776833186,48.91292462794372,CL360–100 TWh
0.2417555713462713,48.68576371170037,CL360–100 TWh
5.598192779549737,48.45172516090743,CL360–100 TWh
0.9148206879485572,47.84402543706361,CL360–100 TWh
0.3049402293161856,48.18725013836845,CL360–100 TWh
0.1524701146580928,48.45741302482656,CL360–100 TWh
7.007239996369451,47.63765774692129,CL360–100 TWh
0.7623505732904643,48.08242235674317,CL360–100 TWh
0.7623505732904643,46.91140661208631,CL360–100 TWh
0.7623505732904643,48.02591193079686,CL360–100 TWh
3.516164164821813,31.47217184051253,CL360–100 TWh
6.5049037049203555,32.08122591873695,CL360–100 TWh
1.0609898669329079,31.53830351195706,CL360–100 TWh
0.08125619711403548,32.21642091859002,CL360–100 TWh
0.2101586766746557,32.04492452703053,CL360–100 TWh
0.14039894321446308,32.16060556175511,CL360–100 TWh
8.141299902766002,31.39403457422063,CL360–100 TWh
0.7954361797322583,31.84341379139482,CL360–100 TWh
0.8841582224440898,30.85685859182421,CL360–100 TWh
0.8841582224440898,31.77491417731189,CL360–100 TWh
3.8656086829710548,26.57012006906246,CL360–100 TWh
7.151376063496454,27.0932911928207,CL360–100 TWh
1.1652064714152242,26.53194156324498,CL360–100 TWh
0.09166879947668376,27.3107885053301,CL360–100 TWh
0.5961360200704895,26.84445799622908,CL360–100 TWh
8.949868942733286,26.44342603007334,CL360–100 TWh
0.6284169934066159,26.80568831984412,CL360–100 TWh
0.9710053928460202,25.91948163536756,CL360–100 TWh
0.8738449438212255,26.85829995696867,CL360–100 TWh
4.114757794907795,24.26444193285016,CL360–100 TWh
7.612301920579422,24.74629151370087,CL360–100 TWh
1.239511470083832,24.18421349621274,CL360–100 TWh
0.6343521707210129,24.44896823007554,CL360–100 TWh
0.2458625645577669,24.63317058807179,CL360–100 TWh
9.526367493388335,24.12111773634892,CL360–100 TWh
0.3458909989453691,24.50366919339206,CL360–100 TWh
1.03292622506986,23.60830612192113,CL360–100 TWh
1.03292622506986,24.46456071198529,CL360–100 TWh
4.29239766834932,22.98175458870359,CL360–100 TWh
7.9409356864462435,23.44044240983855,CL360–100 TWh
1.292489907201101,22.87947685916556,CL360–100 TWh
0.6615997579679019,23.11895118806375,CL360–100 TWh
0.09108834354330353,23.46470231291813,CL360–100 TWh
9.937402992497752,22.8303521122468,CL360–100 TWh
0.48308695632087434,23.20637107785117,CL360–100 TWh
1.077074922667584,22.32469038144094,CL360–100 TWh
1.077074922667584,23.1632809160382,CL360–100 TWh
5.328367511791634,22.26086371774883,CL360–100 TWh
0.0751058481699278,23.60385009671187,CL360–100 TWh
0.4434209335587861,22.69769592235195,CL360–100 TWh
0.4434209335587861,22.77637401213196,CL360–100 TWh
3.320911585185367,22.72987060651223,CL360–100 TWh
1.3302628006763588,22.08527828665553,CL360–100 TWh
0.16335840908421698,22.58901252061191,CL360–100 TWh
0.1046073252201225,22.65082090394651,CL360–100 TWh
0.2217104667793931,22.85086614956591,CL360–100 TWh
1.6100225537653239,22.35712381804284,CL360–100 TWh
0.4434209335587861,22.48503536505436,CL360–100 TWh
0.2217104667793931,22.65177101776744,CL360–100 TWh
10.23046562263994,22.04463625286441,CL360–100 TWh
0.3527216585640099,22.78003420276438,CL360–100 TWh
1.108552333896966,22.44440425795511,CL360–100 TWh
1.108552333896966,21.54337300322106,CL360–100 TWh
1.108552333896966,22.37116495611394,CL360–100 TWh
3.010005729064702,179.8069939748531,CL360–150 TWh
0.29853880920852366,183.3813887247513,CL360–150 TWh
0.3782699082775121,181.0154155749998,CL360–150 TWh
0.1260899694258373,181.0273240447494,CL360–150 TWh
0.1260899694258373,181.6975827032523,CL360–150 TWh
0.2521799388516746,181.628696540493,CL360–150 TWh
5.658810770641641,180.7923355142822,CL360–150 TWh
0.7565398165550241,178.5394384548583,CL360–150 TWh
0.1260899694258373,181.0165259448493,CL360–150 TWh
0.059634014394142065,184.4705024889228,CL360–150 TWh
0.1260899694258373,182.6019074173367,CL360–150 TWh
0.9136306007288163,181.5531123346981,CL360–150 TWh
2.794634778699908,184.7283652364188,CL360–150 TWh
0.1260899694258373,182.6019074173367,CL360–150 TWh
0.2521799388516746,184.2546628963027,CL360–150 TWh
0.2521799388516746,181.8591989207171,CL360–150 TWh
0.5043598777033493,181.8591989207171,CL360–150 TWh
0.1260899694258373,181.6403003087952,CL360–150 TWh
1.0087197554066991,181.8591989207171,CL360–150 TWh
0.5043598777033493,183.3627677715915,CL360–150 TWh
5.77921099980423,178.0216593662619,CL360–150 TWh
0.2521799388516746,183.8487991716332,CL360–150 TWh
0.6304498471291868,180.8763187535077,CL360–150 TWh
0.6304498471291868,180.1078447695377,CL360–150 TWh
0.02283916422308104,205.8219111416123,CL360–150 TWh
0.6304498471291868,185.4449607641897,CL360–150 TWh
3.026050151107965,49.53162834968387,CL360–150 TWh
3.649604164775756,47.79690232614188,CL360–150 TWh
0.3626333570194069,49.09575887567425,CL360–150 TWh
0.4574103439742786,48.82787535901593,CL360–150 TWh
0.11361776833186,48.91292462794372,CL360–150 TWh
0.12310645786615529,49.00481635288453,CL360–150 TWh
0.3049402293161856,48.60337535583012,CL360–150 TWh
6.861255829778422,48.60175894661761,CL360–150 TWh
0.9148206879485572,47.84402543706361,CL360–150 TWh
0.1524701146580928,48.75019280403546,CL360–150 TWh
0.1524701146580928,48.96801042194007,CL360–150 TWh
1.1057538522085781,48.94497779347973,CL360–150 TWh
0.3049402293161856,48.18725013836845,CL360–150 TWh
0.3049402293161856,48.94542005485932,CL360–150 TWh
0.6098804586323712,48.94542005485932,CL360–150 TWh
0.1524701146580928,48.45741302482656,CL360–150 TWh
1.219760917264743,48.94542005485932,CL360–150 TWh
0.6098804586323712,48.98696221774609,CL360–150 TWh
7.007239996369451,47.63765774692129,CL360–150 TWh
0.7623505732904643,48.08242235674317,CL360–150 TWh
0.7623505732904643,46.91140661208631,CL360–150 TWh
0.7623505732904643,48.02591193079686,CL360–150 TWh
3.516164164821813,32.52858275736383,CL360–150 TWh
4.240260366023959,31.5599868813988,CL360–150 TWh
0.4203173533493114,32.49138230080437,CL360–150 TWh
0.5304949334664538,32.4814534522419,CL360–150 TWh
0.1590872359464517,32.51072896412263,CL360–150 TWh
0.1300110857802866,32.52364208086076,CL360–150 TWh
0.35366328897763577,32.18112435848431,CL360–150 TWh
0.35366328897763577,32.51568393785927,CL360–150 TWh
6.5049037049203555,32.08122591873695,CL360–150 TWh
1.0609898669329079,31.53830351195706,CL360–150 TWh
0.17683164448881789,32.23303417183993,CL360–150 TWh
0.17683164448881789,32.41161516727117,CL360–150 TWh
1.283175783774644,32.06785412581362,CL360–150 TWh
0.17683164448881789,32.41161516727117,CL360–150 TWh
0.35366328897763577,31.9089559858878,CL360–150 TWh
0.35366328897763577,32.44949000251837,CL360–150 TWh
0.7073265779552715,32.44949000251837,CL360–150 TWh
0.17683164448881789,32.0886784521618,CL360–150 TWh
1.414653155910543,32.44949000251837,CL360–150 TWh
0.7073265779552715,32.37122081009306,CL360–150 TWh
8.141299902766002,31.39403457422063,CL360–150 TWh
0.8841582224440898,31.87744767101496,CL360–150 TWh
0.8841582224440898,30.85685859182421,CL360–150 TWh
0.8841582224440898,31.77491417731189,CL360–150 TWh
3.8656086829710548,27.37763278300656,CL360–150 TWh
4.661390074340252,26.64325320533056,CL360–150 TWh
0.308634517497906,27.41331654268824,CL360–150 TWh
0.14291748805026291,27.45852711095805,CL360–150 TWh
0.388402157138408,27.17049184859873,CL360–150 TWh
0.388402157138408,27.35820428150353,CL360–150 TWh
8.763413339759675,27.14873967988936,CL360–150 TWh
1.1652064714152242,26.53194156324498,CL360–150 TWh
0.1747689887642451,27.22853112910679,CL360–150 TWh
0.09166879947668376,27.3107885053301,CL360–150 TWh
0.194201078569204,27.35945194580695,CL360–150 TWh
1.409675168918547,26.91620953875981,CL360–150 TWh
0.388402157138408,26.92826871384074,CL360–150 TWh
0.388402157138408,27.39818949701042,CL360–150 TWh
0.194201078569204,27.10400893781161,CL360–150 TWh
1.553608628553632,27.39818949701042,CL360–150 TWh
0.7768043142768161,27.31804802233954,CL360–150 TWh
8.949868942733286,26.44342603007334,CL360–150 TWh
0.9710053928460202,26.89060007743674,CL360–150 TWh
0.9710053928460202,25.91948163536756,CL360–150 TWh
0.9710053928460202,26.80347698006851,CL360–150 TWh
4.114757794907795,24.96378132457591,CL360–150 TWh
4.961649736139757,24.33061060496618,CL360–150 TWh
0.3284816507334743,25.03246291189766,CL360–150 TWh
0.16424082536673712,25.04460688554055,CL360–150 TWh
0.4131704900279438,24.81061506392616,CL360–150 TWh
0.4131704900279438,24.93918199906505,CL360–150 TWh
9.327901503942744,24.79254156234345,CL360–150 TWh
1.239511470083832,24.18421349621274,CL360–150 TWh
0.1521195744956126,24.74273855111633,CL360–150 TWh
0.09749346032091553,24.84880606181414,CL360–150 TWh
0.2065852450139719,24.98059931019847,CL360–150 TWh
1.499867482239331,24.50787950025007,CL360–150 TWh
0.4131704900279438,24.58378412031083,CL360–150 TWh
0.2065852450139719,24.75516769387589,CL360–150 TWh
1.652681960111775,25.01904375583194,CL360–150 TWh
0.8263409800558876,24.939477669785,CL360–150 TWh
9.526367493388335,24.12111773634892,CL360–150 TWh
0.3284816507334743,24.98103950147909,CL360–150 TWh
1.03292622506986,24.54436792708198,CL360–150 TWh
1.03292622506986,23.60830612192113,CL360–150 TWh
1.03292622506986,24.46456071198529,CL360–150 TWh
4.29239766834932,23.62259828480988,CL360–150 TWh
5.175730725259245,23.04403844655432,CL360–150 TWh
0.3426323824328053,23.70789599144618,CL360–150 TWh
0.158680534953561,23.73377072497009,CL360–150 TWh
0.1713161912164027,23.71980868750137,CL360–150 TWh
0.4308299690670336,23.49719943184569,CL360–150 TWh
0.4308299690670336,23.59474213124531,CL360–150 TWh
9.730373763487382,23.48172481163197,CL360–150 TWh
1.292489907201101,22.87947685916556,CL360–150 TWh
0.1472023683139585,23.41466251052365,CL360–150 TWh
0.10164636300303251,23.48244923500009,CL360–150 TWh
0.2154149845335168,23.65673205181168,CL360–150 TWh
1.56417335513271,23.1709044726035,CL360–150 TWh
0.2154149845335168,23.65673205181168,CL360–150 TWh
0.4308299690670336,23.27917717589837,CL360–150 TWh
0.4308299690670336,23.69488213114755,CL360–150 TWh
0.8616599381340672,23.69488213114755,CL360–150 TWh
0.2154149845335168,23.44767062052257,CL360–150 TWh
0.8616599381340672,23.61590988108096,CL360–150 TWh
9.937402992497752,22.8303521122468,CL360–150 TWh
0.3426323824328053,23.61281283706981,CL360–150 TWh
1.077074922667584,23.23900546936882,CL360–150 TWh
1.077074922667584,22.32469038144094,CL360–150 TWh
1.077074922667584,23.1632809160382,CL360–150 TWh
4.419052443038355,22.80620116536078,CL360–150 TWh
5.328367511791634,22.26086371774883,CL360–150 TWh
0.1763608292820049,22.90194993249217,CL360–150 TWh
0.4434209335587861,22.69769592235195,CL360–150 TWh
0.4434209335587861,22.77637401213196,CL360–150 TWh
10.01733092216827,22.68379167251557,CL360–150 TWh
1.3302628006763588,22.08527828665553,CL360–150 TWh
0.1795158662272056,22.65032773038954,CL360–150 TWh
0.1046073252201225,22.65082090394651,CL360–150 TWh
0.2217104667793931,22.85086614956591,CL360–150 TWh
1.6100225537653239,22.35712381804284,CL360–150 TWh
0.2217104667793931,22.85086614956591,CL360–150 TWh
0.4434209335587861,22.48503536505436,CL360–150 TWh
0.2217104667793931,22.65177101776744,CL360–150 TWh
1.773683734235145,22.88883738772788,CL360–150 TWh
0.8868418671175723,22.8102262077082,CL360–150 TWh
10.23046562263994,22.04463625286441,CL360–150 TWh
0.3527216585640099,22.78003420276438,CL360–150 TWh
1.108552333896966,22.44440425795511,CL360–150 TWh
1.108552333896966,21.54337300322106,CL360–150 TWh
1.108552333896966,22.37116495611394,CL360–150 TWh
2.495324907169122,186.9961367031609,CL360–200 TWh
3.010005729064702,179.8069939748531,CL360–200 TWh
0.29853880920852366,183.3813887247513,CL360–200 TWh
0.3782699082775121,181.0154155749998,CL360–200 TWh
0.1260899694258373,181.0273240447494,CL360–200 TWh
0.1260899694258373,181.6975827032523,CL360–200 TWh
0.2521799388516746,181.628696540493,CL360–200 TWh
0.1276362186085724,189.563568213334,CL360–200 TWh
5.658810770641641,180.7923355142822,CL360–200 TWh
0.7565398165550241,178.5394384548583,CL360–200 TWh
0.1276362186085724,181.7953923573231,CL360–200 TWh
1.0087197554066991,186.7890076862926,CL360–200 TWh
0.7565398165550241,187.585402022086,CL360–200 TWh
0.059634014394142065,184.4705024889228,CL360–200 TWh
0.03239134370319881,193.4184516071234,CL360–200 TWh
0.1260899694258373,186.4589353748305,CL360–200 TWh
0.7565398165550241,186.9432992058798,CL360–200 TWh
0.3782699082775121,187.6702672172096,CL360–200 TWh
0.059634014394142065,185.1902049842834,CL360–200 TWh
0.1276362186085724,183.4319508535874,CL360–200 TWh
0.9136306007288163,181.5531123346981,CL360–200 TWh
2.794634778699908,184.7283652364188,CL360–200 TWh
2.121026171093754,185.515474810888,CL360–200 TWh
0.1260899694258373,182.6019074173367,CL360–200 TWh
0.2521799388516746,184.2546628963027,CL360–200 TWh
0.2521799388516746,181.8591989207171,CL360–200 TWh
0.5043598777033493,181.8591989207171,CL360–200 TWh
0.1260899694258373,181.6403003087952,CL360–200 TWh
1.0087197554066991,181.8591989207171,CL360–200 TWh
0.5043598777033493,183.3627677715915,CL360–200 TWh
5.77921099980423,178.0216593662619,CL360–200 TWh
0.2521799388516746,183.8487991716332,CL360–200 TWh
0.6304498471291868,186.5614636131092,CL360–200 TWh
0.6304498471291868,180.8763187535077,CL360–200 TWh
0.6304498471291868,180.1078447695377,CL360–200 TWh
0.2521799388516746,188.3642484458773,CL360–200 TWh
0.6304498471291868,185.4449607641897,CL360–200 TWh
3.026050151107965,49.53162834968387,CL360–200 TWh
3.649604164775756,47.79690232614188,CL360–200 TWh
0.6098804586323712,49.16640321819607,CL360–200 TWh
0.4574103439742786,48.82787535901593,CL360–200 TWh
0.1524701146580928,48.82331313228819,CL360–200 TWh
0.1524701146580928,48.90444850055797,CL360–200 TWh
0.3049402293161856,48.60337535583012,CL360–200 TWh
0.3049402293161856,49.46654091085917,CL360–200 TWh
0.1524701146580928,49.79557408131976,CL360–200 TWh
6.861255829778422,48.60175894661761,CL360–200 TWh
0.9148206879485572,47.84402543706361,CL360–200 TWh
0.1524701146580928,48.75019280403546,CL360–200 TWh
0.9148206879485572,50.0321203630056,CL360–200 TWh
0.0621127698186786,50.54284237360751,CL360–200 TWh
0.1524701146580928,50.12892641694016,CL360–200 TWh
0.4574103439742786,50.04696034280936,CL360–200 TWh
0.07204142184338404,49.82113633544598,CL360–200 TWh
0.1524701146580928,48.96801042194007,CL360–200 TWh
1.1057538522085781,48.94497779347973,CL360–200 TWh
3.382305900873298,49.87709586618003,CL360–200 TWh
2.572142628441771,49.71720772914843,CL360–200 TWh
0.1524701146580928,48.96801042194007,CL360–200 TWh
0.3049402293161856,48.18725013836845,CL360–200 TWh
0.3049402293161856,48.94542005485932,CL360–200 TWh
0.6098804586323712,48.94542005485932,CL360–200 TWh
0.1524701146580928,48.45741302482656,CL360–200 TWh
1.219760917264743,48.94542005485932,CL360–200 TWh
0.6098804586323712,48.98696221774609,CL360–200 TWh
7.007239996369451,47.63765774692129,CL360–200 TWh
0.3049402293161856,49.53788628330163,CL360–200 TWh
0.7623505732904643,48.08242235674317,CL360–200 TWh
1.3722310319228361,50.05143055104053,CL360–200 TWh
0.7623505732904643,46.91140661208631,CL360–200 TWh
0.7623505732904643,48.02591193079686,CL360–200 TWh
3.516164164821813,32.52858275736383,CL360–200 TWh
4.240260366023959,31.5599868813988,CL360–200 TWh
0.7073265779552715,32.5636065374428,CL360–200 TWh
0.5304949334664538,32.4814534522419,CL360–200 TWh
0.17683164448881789,32.48168468048551,CL360–200 TWh
0.17683164448881789,32.4824336623792,CL360–200 TWh
0.35366328897763577,32.18112435848431,CL360–200 TWh
0.35366328897763577,32.51568393785927,CL360–200 TWh
0.17683164448881789,32.76418814133564,CL360–200 TWh
7.971689488125043,32.15791800152832,CL360–200 TWh
1.0609898669329079,31.53830351195706,CL360–200 TWh
0.17683164448881789,32.23303417183993,CL360–200 TWh
0.08349941132886597,32.92976779448777,CL360–200 TWh
0.5304949334664538,33.01665950920572,CL360–200 TWh
0.061717380373758846,33.9118292229718,CL360–200 TWh
0.17683164448881789,32.41161516727117,CL360–200 TWh
1.283175783774644,32.06785412581362,CL360–200 TWh
3.9250082797812653,32.98907386427285,CL360–200 TWh
2.9887395400985413,32.8118936894812,CL360–200 TWh
0.17683164448881789,32.41161516727117,CL360–200 TWh
0.35366328897763577,31.9089559858878,CL360–200 TWh
0.35366328897763577,32.44949000251837,CL360–200 TWh
0.7073265779552715,32.44949000251837,CL360–200 TWh
0.17683164448881789,32.0886784521618,CL360–200 TWh
1.414653155910543,32.44949000251837,CL360–200 TWh
0.7073265779552715,32.37122081009306,CL360–200 TWh
8.141299902766002,31.39403457422063,CL360–200 TWh
0.35366328897763577,32.69550108714402,CL360–200 TWh
0.8841582224440898,31.87744767101496,CL360–200 TWh
1.591484800399361,32.78010793602393,CL360–200 TWh
0.8841582224440898,30.85685859182421,CL360–200 TWh
0.8841582224440898,31.77491417731189,CL360–200 TWh
3.8656086829710548,27.37763278300656,CL360–200 TWh
4.661390074340252,26.64325320533056,CL360–200 TWh
0.7768043142768161,27.48963790507342,CL360–200 TWh
0.5826032357076122,27.4418624336069,CL360–200 TWh
0.1747689887642451,27.45016040396239,CL360–200 TWh
0.194201078569204,27.42636746325311,CL360–200 TWh
0.388402157138408,27.17049184859873,CL360–200 TWh
0.388402157138408,27.35820428150353,CL360–200 TWh
8.763413339759675,27.14873967988936,CL360–200 TWh
1.1652064714152242,26.53194156324498,CL360–200 TWh
0.194201078569204,27.2136428345535,CL360–200 TWh
0.5826032357076122,27.81012698892945,CL360–200 TWh
0.09166879947668376,27.3107885053301,CL360–200 TWh
0.194201078569204,27.35945194580695,CL360–200 TWh
1.409675168918547,26.91620953875981,CL360–200 TWh
4.311947575515553,27.69990229793284,CL360–200 TWh
3.2857673805253973,27.70025961435167,CL360–200 TWh
0.194201078569204,27.35945194580695,CL360–200 TWh
0.388402157138408,26.92826871384074,CL360–200 TWh
0.388402157138408,27.39818949701042,CL360–200 TWh
0.7768043142768161,27.39818949701042,CL360–200 TWh
0.194201078569204,27.10400893781161,CL360–200 TWh
1.553608628553632,27.39818949701042,CL360–200 TWh
0.7768043142768161,27.31804802233954,CL360–200 TWh
8.949868942733286,26.44342603007334,CL360–200 TWh
0.388402157138408,27.5073006357847,CL360–200 TWh
0.9710053928460202,26.89060007743674,CL360–200 TWh
1.747809707122836,27.55138422274614,CL360–200 TWh
0.9710053928460202,25.91948163536756,CL360–200 TWh
0.9710053928460202,26.80347698006851,CL360–200 TWh
4.114757794907795,24.96378132457591,CL360–200 TWh
4.961649736139757,24.33061060496618,CL360–200 TWh
0.8263409800558876,25.10032283617826,CL360–200 TWh
0.6197557350419158,25.06651479892904,CL360–200 TWh
0.2065852450139719,25.06841954294504,CL360–200 TWh
0.2065852450139719,25.04493964201681,CL360–200 TWh
0.4131704900279438,24.81061506392616,CL360–200 TWh
0.4131704900279438,24.93918199906505,CL360–200 TWh
0.2065852450139719,25.12191887280776,CL360–200 TWh
9.327901503942744,24.79254156234345,CL360–200 TWh
1.239511470083832,24.18421349621274,CL360–200 TWh
0.2065852450139719,24.84971079363113,CL360–200 TWh
0.09749346032091553,24.84880606181414,CL360–200 TWh
0.2065852450139719,24.98059931019847,CL360–200 TWh
0.3284816507334743,25.43897691339589,CL360–200 TWh
1.499867482239331,24.50787950025007,CL360–200 TWh
4.5878299456732465,25.22615273807129,CL360–200 TWh
3.497544125671626,25.29609856590049,CL360–200 TWh
0.2065852450139719,24.98059931019847,CL360–200 TWh
0.4131704900279438,24.58378412031083,CL360–200 TWh
0.4131704900279438,25.01904375583194,CL360–200 TWh
0.8263409800558876,25.01904375583194,CL360–200 TWh
0.2065852450139719,24.75516769387589,CL360–200 TWh
1.652681960111775,25.01904375583194,CL360–200 TWh
0.8263409800558876,24.939477669785,CL360–200 TWh
9.526367493388335,24.12111773634892,CL360–200 TWh
0.3284816507334743,24.98103950147909,CL360–200 TWh
1.03292622506986,24.54436792708198,CL360–200 TWh
1.859267205125748,25.10207616163995,CL360–200 TWh
1.03292622506986,23.60830612192113,CL360–200 TWh
1.03292622506986,24.46456071198529,CL360–200 TWh
4.29239766834932,23.62259828480988,CL360–200 TWh
5.175730725259245,23.04403844655432,CL360–200 TWh
0.8616599381340672,23.77059642959011,CL360–200 TWh
0.6462449536005505,23.74414562226744,CL360–200 TWh
0.2154149845335168,23.71950085678883,CL360–200 TWh
0.4308299690670336,23.49719943184569,CL360–200 TWh
0.4308299690670336,23.59474213124531,CL360–200 TWh
0.2154149845335168,23.76615792710051,CL360–200 TWh
9.730373763487382,23.48172481163197,CL360–200 TWh
1.292489907201101,22.87947685916556,CL360–200 TWh
0.1713161912164027,23.4298821058408,CL360–200 TWh
0.10164636300303251,23.95243530514632,CL360–200 TWh
0.10164636300303251,23.48244923500009,CL360–200 TWh
0.2154149845335168,23.65673205181168,CL360–200 TWh
0.38784333947553556,23.98159139887209,CL360–200 TWh
1.56417335513271,23.1709044726035,CL360–200 TWh
4.784530262758879,23.85264206438096,CL360–200 TWh
3.648538018096922,23.95864119502884,CL360–200 TWh
0.2154149845335168,23.65673205181168,CL360–200 TWh
0.4308299690670336,23.27917717589837,CL360–200 TWh
0.4308299690670336,23.69488213114755,CL360–200 TWh
0.8616599381340672,23.69488213114755,CL360–200 TWh
0.2154149845335168,23.44767062052257,CL360–200 TWh
1.723319876268135,23.69488213114756,CL360–200 TWh
0.8616599381340672,23.61590988108096,CL360–200 TWh
9.937402992497752,22.8303521122468,CL360–200 TWh
0.3426323824328053,23.61281283706981,CL360–200 TWh
1.077074922667584,23.23900546936882,CL360–200 TWh
1.938734860801651,23.74140423865819,CL360–200 TWh
1.077074922667584,22.32469038144094,CL360–200 TWh
1.077074922667584,23.1632809160382,CL360–200 TWh
0.01985221894131249,25.8341551516852,CL360–200 TWh
4.419052443038355,22.80620116536078,CL360–200 TWh
5.328367511791634,22.26086371774883,CL360–200 TWh
0.8868418671175723,22.96116400906618,CL360–200 TWh
0.6651314003381793,22.93919400979162,CL360–200 TWh
0.13064131389021072,23.14318269305555,CL360–200 TWh
0.4434209335587861,22.69769592235195,CL360–200 TWh
0.4434209335587861,22.77637401213196,CL360–200 TWh
0.2217104667793931,22.94090153455258,CL360–200 TWh
10.01733092216827,22.68379167251557,CL360–200 TWh
1.3302628006763588,22.08527828665553,CL360–200 TWh
0.1763608292820049,22.61885011491346,CL360–200 TWh
0.1046073252201225,23.12740396908774,CL360–200 TWh
0.1046073252201225,22.65082090394651,CL360–200 TWh
0.2217104667793931,22.85086614956591,CL360–200 TWh
0.3992109172551847,23.12238885764105,CL360–200 TWh
1.6100225537653239,22.35712381804284,CL360–200 TWh
4.92477487034099,23.01661423515038,CL360–200 TWh
3.7561945765826024,23.14449037759304,CL360–200 TWh
0.2217104667793931,22.85086614956591,CL360–200 TWh
0.4434209335587861,22.48503536505436,CL360–200 TWh
0.4434209335587861,22.88883738772788,CL360–200 TWh
0.8868418671175723,22.88883738772788,CL360–200 TWh
0.2217104667793931,22.65177101776744,CL360–200 TWh
1.773683734235145,22.88883738772788,CL360–200 TWh
0.8868418671175723,22.8102262077082,CL360–200 TWh
10.23046562263994,22.04463625286441,CL360–200 TWh
0.3992109172551847,22.82068636391308,CL360–200 TWh
1.108552333896966,22.44440425795511,CL360–200 TWh
1.995394201014538,22.91317243255327,CL360–200 TWh
1.108552333896966,21.54337300322106,CL360–200 TWh
1.108552333896966,22.37116495611394,CL360–200 TWh
