LCOS,Cycle Length,Permeability_mD,CG_Ratio,H2_Cost_per_kg,PSA_Cost,Predicted_RF,Reservoir_Pressure,Porosity,Wells No.,H2_Target_TWh,Source_File
52.589098457556275,180,18.2186734947473,1.7401655555926934,3.0,1.4128445386969963,0.9679246027247167,290.4704054171649,0.12839737491312955,199,50,optimal_plan_CL180_TWh50_Med_H23.0.xlsx
20.86323269740595,14,31.255523453763573,3.2383858821492986,3.0,0.28720889523028015,0.9640965229385647,268.5869713597768,0.14456720771261278,211,5,optimal_plan_CL14_TWh5_ Low_H23.0.xlsx
42.845089335013235,14,38.199815021781234,4.281576951592043,4.0,1.3974221642870148,0.9696214366025544,254.98899161666216,0.14135283946704308,284,5,optimal_plan_CL14_TWh5_ Med_H24.0.xlsx
71.16263819305374,360,28.948339690919262,0.24949454730287715,5.0,1.9514825244308784,0.9026805899546417,277.05465348608385,0.13366576092424753,325,200,optimal_plan_CL360_TWh200_Med_H25.0.xlsx
58.38809251208534,180,15.861185285178632,0.8585889938571377,5.0,1.6297388805201787,0.9388616812818419,281.74503264138167,0.12548686474756632,185,50,optimal_plan_CL180_TWh50_Med_H25.0.xlsx
33.72217156468615,360,21.120109023428913,0.030992019726419285,4.0,0.408376613113881,0.892650551629528,284.7896654765747,0.13250805173017366,251,150,optimal_plan_CL360_TWh150_Low_H24.0.xlsx
42.3437507493822,14,39.09787032366499,4.396934396228035,3.0,1.3950237592167745,0.9699729928809815,255.40892705027784,0.14050858952764664,291,5,optimal_plan_CL14_TWh5_ Med_H23.0.xlsx
47.675474923109334,60,38.630420596535025,2.9274591403009906,3.0,1.4703812465603763,0.9592581168771759,249.91227798932763,0.1361996137707133,127,15,optimal_plan_CL60_TWh15_ Med_H23.0.xlsx
24.645383796848506,60,17.01676557941551,0.7648346802958313,4.0,0.36487105442491047,0.9152065729991046,290.2166463313717,0.1298089794565452,134,15,optimal_plan_CL60_TWh15_ Low_H24.0.xlsx
30.69607334980913,360,17.92121575742177,0.03744540265454947,3.0,0.39247325788798115,0.9006214404572974,295.0302983255615,0.1296153712294884,151,100,optimal_plan_CL360_TWh100_Low_H23.0.xlsx
34.20207247405815,360,28.315577058012387,0.033650184653226056,4.0,0.4216243204766903,0.8862690619847333,273.3734673336107,0.13388697110925984,375,200,optimal_plan_CL360_TWh200_Low_H24.0.xlsx
28.47420955305091,180,22.377307574329834,0.06864471266008823,4.0,0.4160761564737544,0.8886066734423065,286.0806634916231,0.12887600149256914,142,50,optimal_plan_CL180_TWh50_Low_H24.0.xlsx
31.106689781034078,360,20.93095406984954,0.03302927445234113,3.0,0.40779520261896085,0.8929699784280469,284.9904500784584,0.13213523646690947,251,150,optimal_plan_CL360_TWh150_Low_H23.0.xlsx
95.2385639404909,360,26.475245367016072,0.9746164726833648,3.0,3.1457467639348096,0.9461209079629112,282.8774963213454,0.1183302895014373,135,100,optimal_plan_CL360_TWh100_High_H23.0.xlsx
50.77031597798027,60,37.54996185492874,2.7023850099139457,5.0,1.4859871362786734,0.9570616600096351,251.83387063573355,0.13467338976016308,126,15,optimal_plan_CL60_TWh15_ Med_H25.0.xlsx
108.6291181086164,360,26.48241910177771,0.7693491664217541,5.0,3.4311066637447674,0.9285330367816386,279.4314050378346,0.13144658931714295,328,200,optimal_plan_CL360_TWh200_High_H25.0.xlsx
31.554643288703897,360,29.841812748168405,0.04035979859181455,3.0,0.41956259903528265,0.8872780840123891,276.35278069260704,0.1343711963798523,340,200,optimal_plan_CL360_TWh200_Low_H23.0.xlsx
67.85918649417698,360,27.195312640523273,0.44972011522884053,4.0,1.8452846351386927,0.9140976900681136,279.3535597532069,0.13392184617094346,332,200,optimal_plan_CL360_TWh200_Med_H24.0.xlsx
43.33562744976848,14,37.828899486643444,4.219538767439937,5.0,1.3981693537174607,0.9695131974337723,254.67926722242092,0.14151170745893038,280,5,optimal_plan_CL14_TWh5_ Med_H25.0.xlsx
87.16272795028915,180,15.471247239513644,1.8854796139812768,5.0,2.7771587691289965,0.9713098751725593,299.40450799389157,0.1294609024622662,194,50,optimal_plan_CL180_TWh50_High_H25.0.xlsx
55.67424031470225,180,17.680262124634496,1.4529073559906063,4.0,1.469445339929248,0.9602277449129363,289.54731631258807,0.12556297583459738,192,50,optimal_plan_CL180_TWh50_Med_H24.0.xlsx
63.95095050404445,360,26.76557948617011,0.6576981531474321,3.0,1.752295327098704,0.9243952537085895,277.7929978688827,0.13133192089845735,331,200,optimal_plan_CL360_TWh200_Med_H23.0.xlsx
104.16226206638557,360,26.805088479601803,0.8739791410819158,4.0,3.373234719342406,0.9319887910551928,278.51104825476904,0.1313871481461128,329,200,optimal_plan_CL360_TWh200_High_H24.0.xlsx
23.8887341917196,60,22.38625436248333,0.9020932347045897,3.0,0.35760266364560245,0.9194865363415056,281.95420293998376,0.12980378579501356,134,15,optimal_plan_CL60_TWh15_ Low_H23.0.xlsx
70.03167578763154,14,40.112090843004765,4.446144034414368,5.0,2.7895255003175916,0.9700095097419238,254.67377185628482,0.1400401848202041,295,5,optimal_plan_CL14_TWh5_ High_H25.0.xlsx
79.18837654806731,60,34.69139782809874,3.2027194677178215,5.0,2.9101792880187345,0.9613641912405595,257.03394675679107,0.13137953806202377,145,15,optimal_plan_CL60_TWh15_High_H25.0.xlsx
75.60124252047616,60,34.11356305841987,3.884341326122923,3.0,2.856070800843359,0.9651886080537808,257.0500359578611,0.1383602721491417,184,15,optimal_plan_CL60_TWh15_High_H23.0.xlsx
69.52322206459895,14,43.11560614198016,4.482460382276758,4.0,2.7887115907675892,0.9700668227085456,251.8582576608607,0.1408241995291622,294,5,optimal_plan_CL14_TWh5_ High_H24.0.xlsx
27.01340161803126,180,19.553530101311438,0.28837318926286276,3.0,0.38335100857339244,0.905843448925267,279.50036708773143,0.12405440939927838,163,50,optimal_plan_CL180_TWh50_Low_H23.0.xlsx
69.00643219663775,14,42.77765919029519,4.4836849955177005,3.0,2.7886912653879197,0.9700692540824148,252.12326285697569,0.1406095449575585,295,5,optimal_plan_CL14_TWh5_ High_H23.0.xlsx
66.52694131887098,360,20.391456305744146,0.34477711470874206,4.0,1.8417842480192617,0.914321990528248,285.3678628397797,0.13033417542318473,242,150,optimal_plan_CL360_TWh150_Med_H24.0.xlsx
83.64052160628923,180,16.846635864842504,2.0778533688790963,4.0,2.7241455813352387,0.9751763093981292,296.89068895577765,0.1315042905934605,186,50,optimal_plan_CL180_TWh50_High_H24.0.xlsx
21.63495670595059,14,28.692946556497013,2.994896218023292,5.0,0.2908866544788082,0.9614948437603834,269.4445443109782,0.14289032062587012,202,5,optimal_plan_CL14_TWh5_ Low_H25.0.xlsx
25.366054075487966,60,19.037067442788725,0.6932959128573032,5.0,0.3718122814452305,0.9115198363227855,296.0190916769248,0.12716283339115156,131,15,optimal_plan_CL60_TWh15_ Low_H25.0.xlsx
97.62316875673551,360,27.809891863186188,1.0162380492409815,3.0,3.235692039584071,0.9404131882023856,278.5583534129799,0.12787405490578255,211,150,optimal_plan_CL360_TWh150_High_H23.0.xlsx
36.32875881335166,360,21.39978298579015,0.025096432897286677,5.0,0.4102692244525621,0.8915785108624973,284.5487312026073,0.13268428341957608,252,150,optimal_plan_CL360_TWh150_Low_H25.0.xlsx
33.27951965473335,360,19.185499066620483,0.015205808186757697,4.0,0.4009381069606908,0.8959903875082553,291.43494435924845,0.1314173708819137,154,100,optimal_plan_CL360_TWh100_Low_H24.0.xlsx
99.28773597599826,360,27.31193462368185,1.1645143019804218,3.0,3.254872868108138,0.939323471259634,275.4391080165813,0.1316796201426226,330,200,optimal_plan_CL360_TWh200_High_H23.0.xlsx
49.24615966542912,60,38.356882441073054,2.8253294221694065,4.0,1.475951034514484,0.9584790674902629,250.56784554382415,0.13512747460004182,124,15,optimal_plan_CL60_TWh15_ Med_H24.0.xlsx
61.46171739528669,360,20.66098954233691,0.5891075650130448,3.0,1.678474815775761,0.9334856755810732,290.8113904624714,0.12001517875857019,145,100,optimal_plan_CL360_TWh100_Med_H23.0.xlsx
79.83487716574096,180,18.58847861359523,2.413994221285281,3.0,2.655450231945964,0.9803243812327872,301.7674130589631,0.13135015448080462,176,50,optimal_plan_CL180_TWh50_High_H23.0.xlsx
29.827189789396297,180,22.393181813425542,0.055257225442453956,5.0,0.4188012974862703,0.8873336060424334,286.7771163339727,0.12890963302189892,144,50,optimal_plan_CL180_TWh50_Low_H25.0.xlsx
104.11267253334428,360,23.66909005696902,0.7026708774498693,5.0,3.279908886064332,0.9380398940957094,284.27170587957,0.11925368230644652,144,100,optimal_plan_CL360_TWh100_High_H25.0.xlsx
21.256374169878146,14,29.299938135486958,3.0615908801949407,4.0,0.28994458112253857,0.962155915664477,267.9696554342144,0.14316855004807016,203,5,optimal_plan_CL14_TWh5_ Low_H24.0.xlsx
106.5759600450914,360,25.256957645179742,0.7214840651373322,5.0,3.371041113453583,0.9321879694084693,279.7603568446241,0.12768264467873044,226,150,optimal_plan_CL360_TWh150_High_H25.0.xlsx
35.84204176866192,360,19.139797585505693,0.013960990913580277,5.0,0.4013911832506436,0.8957554224772726,292.12236235850565,0.13126183745021988,155,100,optimal_plan_CL360_TWh100_Low_H25.0.xlsx
65.06304204453649,360,19.273500637810983,0.3325578375163582,4.0,1.7859482308860557,0.920558442359528,293.62205215745365,0.12345122245663184,145,100,optimal_plan_CL360_TWh100_Med_H24.0.xlsx
102.26973782591271,360,27.493155535840742,0.8145250065488271,4.0,3.320703471521015,0.9351810816912954,280.20105817954743,0.12737772658758148,212,150,optimal_plan_CL360_TWh150_High_H24.0.xlsx
69.70716987517143,360,21.950314393204692,0.22536480607681633,5.0,1.907747306878007,0.9074638283852409,286.8094882811932,0.13026973054311175,233,150,optimal_plan_CL360_TWh150_Med_H25.0.xlsx
77.44332471249128,60,35.13516906684708,3.447739385688155,4.0,2.8830549989191634,0.9632861400683693,257.22329196770335,0.13146279117223855,156,15,optimal_plan_CL60_TWh15_High_H24.0.xlsx
36.837758870143965,360,28.40419881731667,0.03003714461955329,5.0,0.42283653177634334,0.8855816425308037,273.61691848377217,0.1339053234734803,376,200,optimal_plan_CL360_TWh200_Low_H25.0.xlsx
62.78700803625239,360,20.62791246899209,0.6109061545702108,3.0,1.7220756276108016,0.9278759896875508,285.6491813056328,0.12927883073418947,239,150,optimal_plan_CL360_TWh150_Med_H23.0.xlsx
68.23282919558359,360,17.116334826942648,0.22402401532252197,5.0,1.843059260931708,0.9142824021018894,295.64646195755097,0.12806008183341955,146,100,optimal_plan_CL360_TWh100_Med_H25.0.xlsx
99.86015384862559,360,26.596249590304726,0.8709639569739118,4.0,3.1890786933187085,0.9434153103334323,283.6037870268833,0.1179126422170685,136,100,optimal_plan_CL360_TWh100_High_H24.0.xlsx
